일자,노선,시간,정류장,승차승객,하차승객,환승
2021년 06월 19일,711번(신탄진~대전역),5:00,금강엑슬루타워,1,0,0
2021년 06월 19일,711번(신탄진~대전역),5:00,신탄진시장,1,0,0
2021년 06월 19일,711번(신탄진~대전역),5:00,신탄진동행정복지센터,1,0,0
2021년 06월 19일,711번(신탄진~대전역),5:00,새여울아파트,2,0,0
2021년 06월 19일,711번(신탄진~대전역),5:00,신탄진고등학교,1,2,0
2021년 06월 19일,711번(신탄진~대전역),5:00,석봉초등학교,1,0,0
2021년 06월 19일,711번(신탄진~대전역),5:00,선바위,2,0,0
2021년 06월 19일,711번(신탄진~대전역),5:00,신대주공아파트,1,1,0
2021년 06월 19일,711번(신탄진~대전역),5:00,와동초등학교,1,0,0
2021년 06월 19일,711번(신탄진~대전역),5:00,읍내동현대아파트,1,0,0
2021년 06월 19일,711번(신탄진~대전역),5:00,영진아파트,1,0,0
2021년 06월 19일,711번(신탄진~대전역),5:00,법동주공3단지,6,0,0
2021년 06월 19일,711번(신탄진~대전역),5:00,대흥동우체국,1,0,0
2021년 06월 19일,711번(신탄진~대전역),5:00,삼성초등학교,1,0,1
2021년 06월 19일,711번(신탄진~대전역),5:00,한밭자이아파트,1,0,0
2021년 06월 19일,711번(신탄진~대전역),5:00,한남대학교,2,0,0
2021년 06월 19일,711번(신탄진~대전역),5:00,대전신학대학교,1,0,0
2021년 06월 19일,711번(신탄진~대전역),5:00,한숲아파트,1,0,0
2021년 06월 19일,711번(신탄진~대전역),5:00,동대전고등학교,1,0,0
2021년 06월 19일,711번(신탄진~대전역),5:00,중리동주민센터,1,0,0
2021년 06월 19일,711번(신탄진~대전역),5:00,중리근린공원,3,0,0
2021년 06월 19일,711번(신탄진~대전역),5:00,삼정하이츠타운,3,0,0
2021년 06월 19일,711번(신탄진~대전역),5:00,읍내동현대아파트,0,1,0
2021년 06월 19일,711번(신탄진~대전역),6:00,금강엑슬루타워정문,2,0,0
2021년 06월 19일,711번(신탄진~대전역),6:00,신탄진시장,2,0,0
2021년 06월 19일,711번(신탄진~대전역),6:00,신탄진고등학교,3,0,0
2021년 06월 19일,711번(신탄진~대전역),6:00,석봉초등학교,1,1,0
2021년 06월 19일,711번(신탄진~대전역),6:00,남경마을,1,0,1
2021년 06월 19일,711번(신탄진~대전역),6:00,평촌동,0,1,0
2021년 06월 19일,711번(신탄진~대전역),6:00,신대주공아파트,1,1,0
2021년 06월 19일,711번(신탄진~대전역),6:00,와동초등학교,1,0,0
2021년 06월 19일,711번(신탄진~대전역),6:00,읍내동현대아파트,2,0,0
2021년 06월 19일,711번(신탄진~대전역),6:00,법동주공3단지,2,0,1
2021년 06월 19일,711번(신탄진~대전역),6:00,안산도서관,6,1,0
2021년 06월 19일,711번(신탄진~대전역),6:00,중리시장,3,0,0
2021년 06월 19일,711번(신탄진~대전역),6:00,중리근린공원,3,1,0
2021년 06월 19일,711번(신탄진~대전역),6:00,중리동주민센터,2,4,0
2021년 06월 19일,711번(신탄진~대전역),6:00,한남병원,1,1,1
2021년 06월 19일,711번(신탄진~대전역),6:00,동대전고등학교,6,0,0
2021년 06월 19일,711번(신탄진~대전역),6:00,한숲아파트,2,1,0
2021년 06월 19일,711번(신탄진~대전역),6:00,한남로삼거리,5,0,0
2021년 06월 19일,711번(신탄진~대전역),6:00,대전신학대학교,3,1,0
2021년 06월 19일,711번(신탄진~대전역),6:00,한남대학교,1,0,0
2021년 06월 19일,711번(신탄진~대전역),6:00,한남오거리,2,4,0
2021년 06월 19일,711번(신탄진~대전역),6:00,대덕구청,3,3,0
2021년 06월 19일,711번(신탄진~대전역),6:00,솔랑마을아파트,1,4,0
2021년 06월 19일,711번(신탄진~대전역),6:00,한밭자이아파트,2,1,0
2021년 06월 19일,711번(신탄진~대전역),6:00,삼성초등학교,0,12,0
2021년 06월 19일,711번(신탄진~대전역),6:00,대전역,0,12,0
2021년 06월 19일,711번(신탄진~대전역),6:00,으능정이거리,0,2,0
2021년 06월 19일,711번(신탄진~대전역),6:00,대흥동성당,0,1,0
2021년 06월 19일,711번(신탄진~대전역),6:00,대흥동우체국,0,1,0
2021년 06월 19일,711번(신탄진~대전역),6:00,베스티안우송병원,1,0,0
2021년 06월 19일,711번(신탄진~대전역),6:00,대흥동성당,3,0,2
2021년 06월 19일,711번(신탄진~대전역),6:00,으능정이거리,1,0,1
2021년 06월 19일,711번(신탄진~대전역),6:00,대전역,4,0,3
2021년 06월 19일,711번(신탄진~대전역),6:00,한밭자이아파트,1,1,0
2021년 06월 19일,711번(신탄진~대전역),6:00,솔랑마을아파트,1,0,0
2021년 06월 19일,711번(신탄진~대전역),6:00,대덕구청,2,2,0
2021년 06월 19일,711번(신탄진~대전역),6:00,한남오거리,5,1,1
2021년 06월 19일,711번(신탄진~대전역),6:00,대전신학대학교,2,2,0
2021년 06월 19일,711번(신탄진~대전역),6:00,한숲아파트,2,0,0
2021년 06월 19일,711번(신탄진~대전역),6:00,동대전고등학교,2,2,0
2021년 06월 19일,711번(신탄진~대전역),6:00,중리근린공원,3,0,0
2021년 06월 19일,711번(신탄진~대전역),6:00,중리시장,1,1,0
2021년 06월 19일,711번(신탄진~대전역),6:00,유원아파트,1,0,0
2021년 06월 19일,711번(신탄진~대전역),6:00,읍내동현대아파트,1,2,1
2021년 06월 19일,711번(신탄진~대전역),6:00,연축아파트,0,2,0
2021년 06월 19일,711번(신탄진~대전역),6:00,와동현대아파트,3,0,0
2021년 06월 19일,711번(신탄진~대전역),6:00,들말/신대차고지,0,3,0
2021년 06월 19일,711번(신탄진~대전역),6:00,선바위삼거리,0,1,0
2021년 06월 19일,711번(신탄진~대전역),6:00,신탄진한일병원,1,3,0
2021년 06월 19일,711번(신탄진~대전역),6:00,평촌동,0,1,0
2021년 06월 19일,711번(신탄진~대전역),6:00,덕암동주민센터,0,1,0
2021년 06월 19일,711번(신탄진~대전역),6:00,석봉과선교,0,1,0
2021년 06월 19일,711번(신탄진~대전역),6:00,석봉초등학교,0,4,0
2021년 06월 19일,711번(신탄진~대전역),6:00,신탄진고등학교,1,1,0
2021년 06월 19일,711번(신탄진~대전역),6:00,용정초등학교,0,2,0
2021년 06월 19일,711번(신탄진~대전역),6:00,신탄진동행정복지센터,2,1,0
2021년 06월 19일,711번(신탄진~대전역),6:00,신탄진시장,0,7,0
2021년 06월 19일,711번(신탄진~대전역),7:00,금강엑슬루타워,2,0,1
2021년 06월 19일,711번(신탄진~대전역),7:00,신탄진시장,1,0,0
2021년 06월 19일,711번(신탄진~대전역),7:00,새여울아파트,4,0,0
2021년 06월 19일,711번(신탄진~대전역),7:00,신탄진고등학교,9,1,0
2021년 06월 19일,711번(신탄진~대전역),7:00,석봉초등학교,4,1,0
2021년 06월 19일,711번(신탄진~대전역),7:00,남경마을,1,2,1
2021년 06월 19일,711번(신탄진~대전역),7:00,평촌동,1,0,0
2021년 06월 19일,711번(신탄진~대전역),7:00,신탄진한일병원,2,0,0
2021년 06월 19일,711번(신탄진~대전역),7:00,상서삼거리,1,0,0
2021년 06월 19일,711번(신탄진~대전역),7:00,선바위,2,0,0
2021년 06월 19일,711번(신탄진~대전역),7:00,신대주공아파트,5,1,0
2021년 06월 19일,711번(신탄진~대전역),7:00,와동초등학교,0,1,0
2021년 06월 19일,711번(신탄진~대전역),7:00,대한통운종점,0,2,0
2021년 06월 19일,711번(신탄진~대전역),7:00,읍내동현대아파트,2,3,0
2021년 06월 19일,711번(신탄진~대전역),7:00,영진아파트,4,0,1
2021년 06월 19일,711번(신탄진~대전역),7:00,법동주공3단지,6,1,0
2021년 06월 19일,711번(신탄진~대전역),7:00,안산도서관,4,1,0
2021년 06월 19일,711번(신탄진~대전역),7:00,중리시장,6,1,0
2021년 06월 19일,711번(신탄진~대전역),7:00,중리근린공원,2,2,0
2021년 06월 19일,711번(신탄진~대전역),7:00,중리동주민센터,0,4,0
2021년 06월 19일,711번(신탄진~대전역),7:00,한남병원,1,4,1
2021년 06월 19일,711번(신탄진~대전역),7:00,한숲아파트,0,1,0
2021년 06월 19일,711번(신탄진~대전역),7:00,한남로삼거리,1,0,0
2021년 06월 19일,711번(신탄진~대전역),7:00,한남오거리,0,2,0
2021년 06월 19일,711번(신탄진~대전역),7:00,대덕구청,0,1,0
2021년 06월 19일,711번(신탄진~대전역),7:00,솔랑마을아파트,1,0,0
2021년 06월 19일,711번(신탄진~대전역),7:00,한밭자이아파트,0,3,0
2021년 06월 19일,711번(신탄진~대전역),7:00,삼성초등학교,1,7,0
2021년 06월 19일,711번(신탄진~대전역),7:00,대전역,2,5,2
2021년 06월 19일,711번(신탄진~대전역),7:00,으능정이거리,1,2,1
2021년 06월 19일,711번(신탄진~대전역),7:00,대흥동성당,0,2,0
2021년 06월 19일,711번(신탄진~대전역),7:00,대흥동우체국,1,4,0
2021년 06월 19일,711번(신탄진~대전역),7:00,대전역동광장,0,1,0
2021년 06월 19일,711번(신탄진~대전역),7:00,신안동,1,0,1
2021년 06월 19일,711번(신탄진~대전역),7:00,대동역3번출구,1,0,0
2021년 06월 19일,711번(신탄진~대전역),7:00,베스티안우송병원,2,0,1
2021년 06월 19일,711번(신탄진~대전역),7:00,원동네거리,4,0,0
2021년 06월 19일,711번(신탄진~대전역),7:00,대흥동우체국,3,0,0
2021년 06월 19일,711번(신탄진~대전역),7:00,대흥동성당,1,1,0
2021년 06월 19일,711번(신탄진~대전역),7:00,대전역,12,2,5
2021년 06월 19일,711번(신탄진~대전역),7:00,삼성네거리,0,1,0
2021년 06월 19일,711번(신탄진~대전역),7:00,한밭자이아파트,1,1,0
2021년 06월 19일,711번(신탄진~대전역),7:00,대덕구청,1,0,1
2021년 06월 19일,711번(신탄진~대전역),7:00,한남오거리,5,0,0
2021년 06월 19일,711번(신탄진~대전역),7:00,한남대학교,0,1,0
2021년 06월 19일,711번(신탄진~대전역),7:00,대전신학대학교,2,1,0
2021년 06월 19일,711번(신탄진~대전역),7:00,한남로삼거리,2,0,1
2021년 06월 19일,711번(신탄진~대전역),7:00,한숲아파트,4,0,0
2021년 06월 19일,711번(신탄진~대전역),7:00,동대전고등학교,6,2,1
2021년 06월 19일,711번(신탄진~대전역),7:00,중리동주민센터,1,1,0
2021년 06월 19일,711번(신탄진~대전역),7:00,중리근린공원,0,2,0
2021년 06월 19일,711번(신탄진~대전역),7:00,중리시장,2,1,0
2021년 06월 19일,711번(신탄진~대전역),7:00,유원아파트,4,3,0
2021년 06월 19일,711번(신탄진~대전역),7:00,삼정하이츠타운,3,0,0
2021년 06월 19일,711번(신탄진~대전역),7:00,읍내동현대아파트,1,1,1
2021년 06월 19일,711번(신탄진~대전역),7:00,와동현대아파트,0,3,0
2021년 06월 19일,711번(신탄진~대전역),7:00,선바위삼거리,0,3,0
2021년 06월 19일,711번(신탄진~대전역),7:00,신탄진한일병원,0,1,0
2021년 06월 19일,711번(신탄진~대전역),7:00,남경마을,0,2,0
2021년 06월 19일,711번(신탄진~대전역),7:00,석봉과선교,0,3,0
2021년 06월 19일,711번(신탄진~대전역),7:00,석봉초등학교,0,1,0
2021년 06월 19일,711번(신탄진~대전역),7:00,신탄진고등학교,2,1,0
2021년 06월 19일,711번(신탄진~대전역),7:00,용정초등학교,1,0,0
2021년 06월 19일,711번(신탄진~대전역),7:00,신탄진동행정복지센터,0,1,0
2021년 06월 19일,711번(신탄진~대전역),7:00,신탄진시장,0,3,0
2021년 06월 19일,711번(신탄진~대전역),8:00,금강엑슬루타워정문,3,0,0
2021년 06월 19일,711번(신탄진~대전역),8:00,신탄진시장,1,0,0
2021년 06월 19일,711번(신탄진~대전역),8:00,새여울아파트,4,0,0
2021년 06월 19일,711번(신탄진~대전역),8:00,신탄진고등학교,4,2,0
2021년 06월 19일,711번(신탄진~대전역),8:00,석봉초등학교,6,1,1
2021년 06월 19일,711번(신탄진~대전역),8:00,남경마을,0,1,0
2021년 06월 19일,711번(신탄진~대전역),8:00,덕암동주민센터,0,1,0
2021년 06월 19일,711번(신탄진~대전역),8:00,평촌동,2,3,0
2021년 06월 19일,711번(신탄진~대전역),8:00,신탄진한일병원,0,1,0
2021년 06월 19일,711번(신탄진~대전역),8:00,상서삼거리,0,1,0
2021년 06월 19일,711번(신탄진~대전역),8:00,선바위,3,0,0
2021년 06월 19일,711번(신탄진~대전역),8:00,신대주공아파트,9,1,4
2021년 06월 19일,711번(신탄진~대전역),8:00,와동초등학교,9,10,0
2021년 06월 19일,711번(신탄진~대전역),8:00,성우동산,0,1,0
2021년 06월 19일,711번(신탄진~대전역),8:00,대한통운종점,0,1,0
2021년 06월 19일,711번(신탄진~대전역),8:00,읍내동현대아파트,0,4,0
2021년 06월 19일,711번(신탄진~대전역),8:00,영진아파트,4,1,0
2021년 06월 19일,711번(신탄진~대전역),8:00,법동주공3단지,4,0,0
2021년 06월 19일,711번(신탄진~대전역),8:00,안산도서관,8,2,0
2021년 06월 19일,711번(신탄진~대전역),8:00,중리시장,2,0,0
2021년 06월 19일,711번(신탄진~대전역),8:00,중리근린공원,7,0,0
2021년 06월 19일,711번(신탄진~대전역),8:00,중리동주민센터,2,5,0
2021년 06월 19일,711번(신탄진~대전역),8:00,한남병원,4,1,0
2021년 06월 19일,711번(신탄진~대전역),8:00,동대전고등학교,3,0,0
2021년 06월 19일,711번(신탄진~대전역),8:00,한숲아파트,4,0,0
2021년 06월 19일,711번(신탄진~대전역),8:00,한남로삼거리,3,1,0
2021년 06월 19일,711번(신탄진~대전역),8:00,대전신학대학교,1,0,0
2021년 06월 19일,711번(신탄진~대전역),8:00,한남오거리,0,1,0
2021년 06월 19일,711번(신탄진~대전역),8:00,대덕구청,1,3,1
2021년 06월 19일,711번(신탄진~대전역),8:00,솔랑마을아파트,4,1,0
2021년 06월 19일,711번(신탄진~대전역),8:00,한밭자이아파트,1,3,0
2021년 06월 19일,711번(신탄진~대전역),8:00,삼성초등학교,1,5,0
2021년 06월 19일,711번(신탄진~대전역),8:00,대전역,0,17,0
2021년 06월 19일,711번(신탄진~대전역),8:00,으능정이거리,0,6,0
2021년 06월 19일,711번(신탄진~대전역),8:00,대흥동성당,0,8,0
2021년 06월 19일,711번(신탄진~대전역),8:00,대흥동우체국,1,0,0
2021년 06월 19일,711번(신탄진~대전역),8:00,이스트시티아파트,0,2,0
2021년 06월 19일,711번(신탄진~대전역),8:00,대동역3번출구,1,0,1
2021년 06월 19일,711번(신탄진~대전역),8:00,베스티안우송병원,1,0,0
2021년 06월 19일,711번(신탄진~대전역),8:00,원동네거리,1,0,0
2021년 06월 19일,711번(신탄진~대전역),8:00,대흥동우체국,3,1,0
2021년 06월 19일,711번(신탄진~대전역),8:00,대흥동성당,1,0,0
2021년 06월 19일,711번(신탄진~대전역),8:00,대전역,9,2,5
2021년 06월 19일,711번(신탄진~대전역),8:00,삼성초등학교,1,0,1
2021년 06월 19일,711번(신탄진~대전역),8:00,한밭자이아파트,4,0,0
2021년 06월 19일,711번(신탄진~대전역),8:00,솔랑마을아파트,3,0,2
2021년 06월 19일,711번(신탄진~대전역),8:00,대덕구청,1,0,0
2021년 06월 19일,711번(신탄진~대전역),8:00,한남오거리,2,0,0
2021년 06월 19일,711번(신탄진~대전역),8:00,한남대학교,0,1,0
2021년 06월 19일,711번(신탄진~대전역),8:00,대전신학대학교,1,1,0
2021년 06월 19일,711번(신탄진~대전역),8:00,한남로삼거리,3,2,0
2021년 06월 19일,711번(신탄진~대전역),8:00,한숲아파트,3,1,0
2021년 06월 19일,711번(신탄진~대전역),8:00,동대전고등학교,2,0,0
2021년 06월 19일,711번(신탄진~대전역),8:00,중리동주민센터,5,2,1
2021년 06월 19일,711번(신탄진~대전역),8:00,중리근린공원,3,1,0
2021년 06월 19일,711번(신탄진~대전역),8:00,중리시장,5,4,0
2021년 06월 19일,711번(신탄진~대전역),8:00,유원아파트,1,2,0
2021년 06월 19일,711번(신탄진~대전역),8:00,삼정하이츠타운,0,3,0
2021년 06월 19일,711번(신탄진~대전역),8:00,읍내동현대아파트,2,7,2
2021년 06월 19일,711번(신탄진~대전역),8:00,연축아파트,1,1,1
2021년 06월 19일,711번(신탄진~대전역),8:00,와동현대아파트,4,4,3
2021년 06월 19일,711번(신탄진~대전역),8:00,들말/신대차고지,0,1,0
2021년 06월 19일,711번(신탄진~대전역),8:00,선바위삼거리,0,1,0
2021년 06월 19일,711번(신탄진~대전역),8:00,상서삼거리,1,0,0
2021년 06월 19일,711번(신탄진~대전역),8:00,신탄진한일병원,1,2,0
2021년 06월 19일,711번(신탄진~대전역),8:00,덕암동주민센터,3,0,0
2021년 06월 19일,711번(신탄진~대전역),8:00,남경마을,0,3,0
2021년 06월 19일,711번(신탄진~대전역),8:00,석봉과선교,0,3,0
2021년 06월 19일,711번(신탄진~대전역),8:00,석봉초등학교,1,6,0
2021년 06월 19일,711번(신탄진~대전역),8:00,신탄진고등학교,3,5,0
2021년 06월 19일,711번(신탄진~대전역),8:00,용정초등학교,0,4,0
2021년 06월 19일,711번(신탄진~대전역),8:00,신탄진동행정복지센터,1,2,0
2021년 06월 19일,711번(신탄진~대전역),8:00,신탄진시장,0,1,0
2021년 06월 19일,711번(신탄진~대전역),9:00,금강엑슬루타워정문,1,0,0
2021년 06월 19일,711번(신탄진~대전역),9:00,금강엑슬루타워,1,0,0
2021년 06월 19일,711번(신탄진~대전역),9:00,신탄진시장,2,0,0
2021년 06월 19일,711번(신탄진~대전역),9:00,새여울아파트,2,1,0
2021년 06월 19일,711번(신탄진~대전역),9:00,신탄진고등학교,5,0,0
2021년 06월 19일,711번(신탄진~대전역),9:00,석봉초등학교,5,0,0
2021년 06월 19일,711번(신탄진~대전역),9:00,남경마을,1,0,0
2021년 06월 19일,711번(신탄진~대전역),9:00,덕암동주민센터,1,0,0
2021년 06월 19일,711번(신탄진~대전역),9:00,평촌동,2,1,0
2021년 06월 19일,711번(신탄진~대전역),9:00,신대주공아파트,4,1,0
2021년 06월 19일,711번(신탄진~대전역),9:00,와동초등학교,1,1,0
2021년 06월 19일,711번(신탄진~대전역),9:00,성우동산,1,0,1
2021년 06월 19일,711번(신탄진~대전역),9:00,읍내동현대아파트,0,3,0
2021년 06월 19일,711번(신탄진~대전역),9:00,영진아파트,2,1,0
2021년 06월 19일,711번(신탄진~대전역),9:00,법동주공3단지,4,0,0
2021년 06월 19일,711번(신탄진~대전역),9:00,안산도서관,3,0,0
2021년 06월 19일,711번(신탄진~대전역),9:00,중리시장,4,3,0
2021년 06월 19일,711번(신탄진~대전역),9:00,중리근린공원,8,0,1
2021년 06월 19일,711번(신탄진~대전역),9:00,중리동주민센터,4,4,0
2021년 06월 19일,711번(신탄진~대전역),9:00,한남병원,1,3,0
2021년 06월 19일,711번(신탄진~대전역),9:00,동대전고등학교,3,1,0
2021년 06월 19일,711번(신탄진~대전역),9:00,한숲아파트,6,0,0
2021년 06월 19일,711번(신탄진~대전역),9:00,한남로삼거리,10,1,0
2021년 06월 19일,711번(신탄진~대전역),9:00,대전신학대학교,3,2,0
2021년 06월 19일,711번(신탄진~대전역),9:00,한남대학교,4,0,0
2021년 06월 19일,711번(신탄진~대전역),9:00,한남오거리,2,4,0
2021년 06월 19일,711번(신탄진~대전역),9:00,대덕구청,0,3,0
2021년 06월 19일,711번(신탄진~대전역),9:00,솔랑마을아파트,0,2,0
2021년 06월 19일,711번(신탄진~대전역),9:00,한밭자이아파트,3,1,1
2021년 06월 19일,711번(신탄진~대전역),9:00,삼성초등학교,0,7,0
2021년 06월 19일,711번(신탄진~대전역),9:00,대전역,1,19,1
2021년 06월 19일,711번(신탄진~대전역),9:00,으능정이거리,1,8,1
2021년 06월 19일,711번(신탄진~대전역),9:00,대흥동성당,1,6,1
2021년 06월 19일,711번(신탄진~대전역),9:00,대흥동우체국,0,3,0
2021년 06월 19일,711번(신탄진~대전역),9:00,이스트시티아파트,0,1,0
2021년 06월 19일,711번(신탄진~대전역),9:00,대전역동광장,1,0,0
2021년 06월 19일,711번(신탄진~대전역),9:00,대동역3번출구,1,0,0
2021년 06월 19일,711번(신탄진~대전역),9:00,베스티안우송병원,5,0,0
2021년 06월 19일,711번(신탄진~대전역),9:00,원동네거리,9,3,2
2021년 06월 19일,711번(신탄진~대전역),9:00,대흥동성당,2,1,2
2021년 06월 19일,711번(신탄진~대전역),9:00,으능정이거리,2,0,2
2021년 06월 19일,711번(신탄진~대전역),9:00,대전역,8,1,3
2021년 06월 19일,711번(신탄진~대전역),9:00,삼성초등학교,0,1,0
2021년 06월 19일,711번(신탄진~대전역),9:00,삼성네거리,0,2,0
2021년 06월 19일,711번(신탄진~대전역),9:00,한밭자이아파트,1,0,0
2021년 06월 19일,711번(신탄진~대전역),9:00,솔랑마을아파트,0,1,0
2021년 06월 19일,711번(신탄진~대전역),9:00,대덕구청,3,1,2
2021년 06월 19일,711번(신탄진~대전역),9:00,한남오거리,3,0,0
2021년 06월 19일,711번(신탄진~대전역),9:00,한남대학교,0,2,0
2021년 06월 19일,711번(신탄진~대전역),9:00,대전신학대학교,5,5,0
2021년 06월 19일,711번(신탄진~대전역),9:00,한남로삼거리,8,1,0
2021년 06월 19일,711번(신탄진~대전역),9:00,한숲아파트,4,0,0
2021년 06월 19일,711번(신탄진~대전역),9:00,동대전고등학교,1,1,0
2021년 06월 19일,711번(신탄진~대전역),9:00,중리동주민센터,0,3,0
2021년 06월 19일,711번(신탄진~대전역),9:00,중리근린공원,0,1,0
2021년 06월 19일,711번(신탄진~대전역),9:00,중리시장,1,8,0
2021년 06월 19일,711번(신탄진~대전역),9:00,유원아파트,0,3,0
2021년 06월 19일,711번(신탄진~대전역),9:00,삼정하이츠타운,2,2,0
2021년 06월 19일,711번(신탄진~대전역),9:00,읍내동현대아파트,3,0,1
2021년 06월 19일,711번(신탄진~대전역),9:00,정수장,0,2,0
2021년 06월 19일,711번(신탄진~대전역),9:00,대덕구장애인복지관,0,1,0
2021년 06월 19일,711번(신탄진~대전역),9:00,연축아파트,1,2,0
2021년 06월 19일,711번(신탄진~대전역),9:00,와동현대아파트,3,5,1
2021년 06월 19일,711번(신탄진~대전역),9:00,선바위삼거리,0,1,0
2021년 06월 19일,711번(신탄진~대전역),9:00,선바위,0,1,0
2021년 06월 19일,711번(신탄진~대전역),9:00,평촌동,2,0,0
2021년 06월 19일,711번(신탄진~대전역),9:00,남경마을,0,1,0
2021년 06월 19일,711번(신탄진~대전역),9:00,석봉과선교,0,3,0
2021년 06월 19일,711번(신탄진~대전역),9:00,신탄진고등학교,1,0,0
2021년 06월 19일,711번(신탄진~대전역),9:00,용정초등학교,4,2,0
2021년 06월 19일,711번(신탄진~대전역),9:00,신탄진동행정복지센터,0,1,0
2021년 06월 19일,711번(신탄진~대전역),9:00,신탄진시장,0,9,0
2021년 06월 19일,711번(신탄진~대전역),9:00,금강엑슬루타워,0,1,0
2021년 06월 19일,711번(신탄진~대전역),10:00,금강엑슬루타워정문,1,0,0
2021년 06월 19일,711번(신탄진~대전역),10:00,금강엑슬루타워,1,0,0
2021년 06월 19일,711번(신탄진~대전역),10:00,신탄진시장,2,0,1
2021년 06월 19일,711번(신탄진~대전역),10:00,새여울아파트,7,1,0
2021년 06월 19일,711번(신탄진~대전역),10:00,신탄진고등학교,5,0,0
2021년 06월 19일,711번(신탄진~대전역),10:00,석봉초등학교,3,0,0
2021년 06월 19일,711번(신탄진~대전역),10:00,남경마을,1,1,0
2021년 06월 19일,711번(신탄진~대전역),10:00,평촌동,3,0,0
2021년 06월 19일,711번(신탄진~대전역),10:00,신탄진한일병원,1,2,0
2021년 06월 19일,711번(신탄진~대전역),10:00,선바위,2,0,0
2021년 06월 19일,711번(신탄진~대전역),10:00,신대주공아파트,3,4,1
2021년 06월 19일,711번(신탄진~대전역),10:00,와동초등학교,5,1,0
2021년 06월 19일,711번(신탄진~대전역),10:00,읍내동현대아파트,7,0,0
2021년 06월 19일,711번(신탄진~대전역),10:00,영진아파트,1,2,0
2021년 06월 19일,711번(신탄진~대전역),10:00,법동주공3단지,7,0,0
2021년 06월 19일,711번(신탄진~대전역),10:00,안산도서관,8,0,0
2021년 06월 19일,711번(신탄진~대전역),10:00,중리시장,9,3,0
2021년 06월 19일,711번(신탄진~대전역),10:00,중리근린공원,9,3,0
2021년 06월 19일,711번(신탄진~대전역),10:00,중리동주민센터,4,8,0
2021년 06월 19일,711번(신탄진~대전역),10:00,한남병원,2,3,1
2021년 06월 19일,711번(신탄진~대전역),10:00,동대전고등학교,8,4,0
2021년 06월 19일,711번(신탄진~대전역),10:00,한숲아파트,10,2,1
2021년 06월 19일,711번(신탄진~대전역),10:00,한남로삼거리,12,3,0
2021년 06월 19일,711번(신탄진~대전역),10:00,대전신학대학교,2,2,0
2021년 06월 19일,711번(신탄진~대전역),10:00,한남대학교,0,1,0
2021년 06월 19일,711번(신탄진~대전역),10:00,한남오거리,3,3,0
2021년 06월 19일,711번(신탄진~대전역),10:00,대덕구청,4,4,2
2021년 06월 19일,711번(신탄진~대전역),10:00,솔랑마을아파트,1,0,0
2021년 06월 19일,711번(신탄진~대전역),10:00,한밭자이아파트,0,1,0
2021년 06월 19일,711번(신탄진~대전역),10:00,삼성초등학교,0,7,0
2021년 06월 19일,711번(신탄진~대전역),10:00,대전역,2,34,2
2021년 06월 19일,711번(신탄진~대전역),10:00,으능정이거리,0,13,0
2021년 06월 19일,711번(신탄진~대전역),10:00,대흥동성당,0,4,0
2021년 06월 19일,711번(신탄진~대전역),10:00,대흥동우체국,0,1,0
2021년 06월 19일,711번(신탄진~대전역),10:00,대전역동광장,0,1,0
2021년 06월 19일,711번(신탄진~대전역),10:00,대동역3번출구,2,0,0
2021년 06월 19일,711번(신탄진~대전역),10:00,대흥동성당,1,1,0
2021년 06월 19일,711번(신탄진~대전역),10:00,으능정이거리,2,0,0
2021년 06월 19일,711번(신탄진~대전역),10:00,대전역,13,0,3
2021년 06월 19일,711번(신탄진~대전역),10:00,삼성초등학교,1,0,1
2021년 06월 19일,711번(신탄진~대전역),10:00,삼성네거리,1,1,0
2021년 06월 19일,711번(신탄진~대전역),10:00,솔랑마을아파트,1,0,0
2021년 06월 19일,711번(신탄진~대전역),10:00,대덕구청,0,1,0
2021년 06월 19일,711번(신탄진~대전역),10:00,한남대학교,1,0,0
2021년 06월 19일,711번(신탄진~대전역),10:00,한남로삼거리,10,0,0
2021년 06월 19일,711번(신탄진~대전역),10:00,한숲아파트,3,3,0
2021년 06월 19일,711번(신탄진~대전역),10:00,동대전고등학교,0,1,0
2021년 06월 19일,711번(신탄진~대전역),10:00,중리동주민센터,3,0,0
2021년 06월 19일,711번(신탄진~대전역),10:00,중리근린공원,1,2,0
2021년 06월 19일,711번(신탄진~대전역),10:00,중리시장,7,4,3
2021년 06월 19일,711번(신탄진~대전역),10:00,유원아파트,1,1,0
2021년 06월 19일,711번(신탄진~대전역),10:00,삼정하이츠타운,0,3,0
2021년 06월 19일,711번(신탄진~대전역),10:00,읍내동현대아파트,3,2,2
2021년 06월 19일,711번(신탄진~대전역),10:00,정수장,0,1,0
2021년 06월 19일,711번(신탄진~대전역),10:00,연축아파트,0,2,0
2021년 06월 19일,711번(신탄진~대전역),10:00,와동현대아파트,2,2,0
2021년 06월 19일,711번(신탄진~대전역),10:00,신탄진한일병원,0,2,0
2021년 06월 19일,711번(신탄진~대전역),10:00,평촌동,1,0,0
2021년 06월 19일,711번(신탄진~대전역),10:00,남경마을,1,2,0
2021년 06월 19일,711번(신탄진~대전역),10:00,석봉과선교,0,3,0
2021년 06월 19일,711번(신탄진~대전역),10:00,석봉초등학교,0,1,0
2021년 06월 19일,711번(신탄진~대전역),10:00,신탄진고등학교,4,3,0
2021년 06월 19일,711번(신탄진~대전역),10:00,용정초등학교,7,2,0
2021년 06월 19일,711번(신탄진~대전역),10:00,신탄진동행정복지센터,0,1,0
2021년 06월 19일,711번(신탄진~대전역),10:00,신탄진시장,0,2,0
2021년 06월 19일,711번(신탄진~대전역),10:00,금강엑슬루타워,0,1,0
2021년 06월 19일,711번(신탄진~대전역),11:00,금강엑슬루타워,1,0,0
2021년 06월 19일,711번(신탄진~대전역),11:00,신탄진시장,4,0,0
2021년 06월 19일,711번(신탄진~대전역),11:00,신탄진동행정복지센터,1,0,0
2021년 06월 19일,711번(신탄진~대전역),11:00,새여울아파트,1,0,0
2021년 06월 19일,711번(신탄진~대전역),11:00,신탄진고등학교,3,0,0
2021년 06월 19일,711번(신탄진~대전역),11:00,석봉초등학교,4,0,1
2021년 06월 19일,711번(신탄진~대전역),11:00,남경마을,4,0,1
2021년 06월 19일,711번(신탄진~대전역),11:00,덕암동주민센터,1,0,0
2021년 06월 19일,711번(신탄진~대전역),11:00,평촌동,1,0,0
2021년 06월 19일,711번(신탄진~대전역),11:00,신탄진한일병원,1,1,1
2021년 06월 19일,711번(신탄진~대전역),11:00,선바위,1,0,0
2021년 06월 19일,711번(신탄진~대전역),11:00,들말/신대차고지,3,1,0
2021년 06월 19일,711번(신탄진~대전역),11:00,신대주공아파트,2,2,0
2021년 06월 19일,711번(신탄진~대전역),11:00,와동초등학교,0,1,0
2021년 06월 19일,711번(신탄진~대전역),11:00,읍내동현대아파트,12,3,1
2021년 06월 19일,711번(신탄진~대전역),11:00,영진아파트,4,2,0
2021년 06월 19일,711번(신탄진~대전역),11:00,법동주공3단지,4,0,0
2021년 06월 19일,711번(신탄진~대전역),11:00,안산도서관,7,1,0
2021년 06월 19일,711번(신탄진~대전역),11:00,중리시장,9,2,1
2021년 06월 19일,711번(신탄진~대전역),11:00,중리근린공원,12,2,0
2021년 06월 19일,711번(신탄진~대전역),11:00,중리동주민센터,10,3,1
2021년 06월 19일,711번(신탄진~대전역),11:00,한남병원,4,2,3
2021년 06월 19일,711번(신탄진~대전역),11:00,동대전고등학교,3,3,0
2021년 06월 19일,711번(신탄진~대전역),11:00,한숲아파트,2,4,0
2021년 06월 19일,711번(신탄진~대전역),11:00,한남로삼거리,12,10,1
2021년 06월 19일,711번(신탄진~대전역),11:00,대전신학대학교,6,0,0
2021년 06월 19일,711번(신탄진~대전역),11:00,한남대학교,11,0,2
2021년 06월 19일,711번(신탄진~대전역),11:00,한남오거리,3,4,0
2021년 06월 19일,711번(신탄진~대전역),11:00,대덕구청,4,3,0
2021년 06월 19일,711번(신탄진~대전역),11:00,솔랑마을아파트,1,0,0
2021년 06월 19일,711번(신탄진~대전역),11:00,한밭자이아파트,1,1,0
2021년 06월 19일,711번(신탄진~대전역),11:00,삼성초등학교,2,17,1
2021년 06월 19일,711번(신탄진~대전역),11:00,대전역,2,22,2
2021년 06월 19일,711번(신탄진~대전역),11:00,으능정이거리,0,16,0
2021년 06월 19일,711번(신탄진~대전역),11:00,대흥동성당,2,1,0
2021년 06월 19일,711번(신탄진~대전역),11:00,대흥동우체국,0,1,0
2021년 06월 19일,711번(신탄진~대전역),11:00,이스트시티아파트,0,1,0
2021년 06월 19일,711번(신탄진~대전역),11:00,대전역동광장,0,1,0
2021년 06월 19일,711번(신탄진~대전역),11:00,대동역3번출구,1,0,1
2021년 06월 19일,711번(신탄진~대전역),11:00,베스티안우송병원,1,0,1
2021년 06월 19일,711번(신탄진~대전역),11:00,원동네거리,3,0,1
2021년 06월 19일,711번(신탄진~대전역),11:00,대흥동우체국,1,0,0
2021년 06월 19일,711번(신탄진~대전역),11:00,대흥동성당,4,0,0
2021년 06월 19일,711번(신탄진~대전역),11:00,으능정이거리,4,1,1
2021년 06월 19일,711번(신탄진~대전역),11:00,대전역,17,0,2
2021년 06월 19일,711번(신탄진~대전역),11:00,삼성초등학교,1,0,0
2021년 06월 19일,711번(신탄진~대전역),11:00,삼성네거리,0,1,0
2021년 06월 19일,711번(신탄진~대전역),11:00,한밭자이아파트,2,1,0
2021년 06월 19일,711번(신탄진~대전역),11:00,솔랑마을아파트,0,1,0
2021년 06월 19일,711번(신탄진~대전역),11:00,대덕구청,1,1,0
2021년 06월 19일,711번(신탄진~대전역),11:00,한남오거리,2,0,1
2021년 06월 19일,711번(신탄진~대전역),11:00,한남대학교,2,1,0
2021년 06월 19일,711번(신탄진~대전역),11:00,대전신학대학교,3,0,1
2021년 06월 19일,711번(신탄진~대전역),11:00,한남로삼거리,3,1,0
2021년 06월 19일,711번(신탄진~대전역),11:00,한숲아파트,1,4,0
2021년 06월 19일,711번(신탄진~대전역),11:00,동대전고등학교,3,1,0
2021년 06월 19일,711번(신탄진~대전역),11:00,중리동주민센터,1,6,0
2021년 06월 19일,711번(신탄진~대전역),11:00,중리근린공원,1,5,0
2021년 06월 19일,711번(신탄진~대전역),11:00,중리시장,1,6,0
2021년 06월 19일,711번(신탄진~대전역),11:00,유원아파트,0,6,0
2021년 06월 19일,711번(신탄진~대전역),11:00,삼정하이츠타운,3,3,1
2021년 06월 19일,711번(신탄진~대전역),11:00,연축아파트,2,0,0
2021년 06월 19일,711번(신탄진~대전역),11:00,와동현대아파트,6,0,2
2021년 06월 19일,711번(신탄진~대전역),11:00,신탄진한일병원,2,2,1
2021년 06월 19일,711번(신탄진~대전역),11:00,평촌동,6,0,0
2021년 06월 19일,711번(신탄진~대전역),11:00,덕암동주민센터,0,1,0
2021년 06월 19일,711번(신탄진~대전역),11:00,남경마을,0,1,0
2021년 06월 19일,711번(신탄진~대전역),11:00,석봉과선교,1,10,0
2021년 06월 19일,711번(신탄진~대전역),11:00,석봉초등학교,0,6,0
2021년 06월 19일,711번(신탄진~대전역),11:00,신탄진고등학교,1,1,0
2021년 06월 19일,711번(신탄진~대전역),11:00,용정초등학교,2,0,0
2021년 06월 19일,711번(신탄진~대전역),11:00,신탄진동행정복지센터,0,3,0
2021년 06월 19일,711번(신탄진~대전역),11:00,신탄진시장,0,5,0
2021년 06월 19일,711번(신탄진~대전역),11:00,금강엑슬루타워,0,2,0
2021년 06월 19일,711번(신탄진~대전역),11:00,신탄진기점지,10,1,1
2021년 06월 19일,711번(신탄진~대전역),12:00,금강엑슬루타워정문,1,0,0
2021년 06월 19일,711번(신탄진~대전역),12:00,금강엑슬루타워,3,0,1
2021년 06월 19일,711번(신탄진~대전역),12:00,신탄진시장,2,0,0
2021년 06월 19일,711번(신탄진~대전역),12:00,신탄진동행정복지센터,1,0,0
2021년 06월 19일,711번(신탄진~대전역),12:00,새여울아파트,8,1,0
2021년 06월 19일,711번(신탄진~대전역),12:00,신탄진고등학교,6,0,0
2021년 06월 19일,711번(신탄진~대전역),12:00,석봉초등학교,4,1,0
2021년 06월 19일,711번(신탄진~대전역),12:00,남경마을,5,6,2
2021년 06월 19일,711번(신탄진~대전역),12:00,덕암동주민센터,0,2,0
2021년 06월 19일,711번(신탄진~대전역),12:00,평촌동,0,1,0
2021년 06월 19일,711번(신탄진~대전역),12:00,신탄진한일병원,2,2,1
2021년 06월 19일,711번(신탄진~대전역),12:00,선바위,1,1,0
2021년 06월 19일,711번(신탄진~대전역),12:00,신대주공아파트,7,2,1
2021년 06월 19일,711번(신탄진~대전역),12:00,와동초등학교,1,1,0
2021년 06월 19일,711번(신탄진~대전역),12:00,대한통운종점,0,3,0
2021년 06월 19일,711번(신탄진~대전역),12:00,읍내동현대아파트,3,3,0
2021년 06월 19일,711번(신탄진~대전역),12:00,영진아파트,1,3,0
2021년 06월 19일,711번(신탄진~대전역),12:00,법동주공3단지,6,0,1
2021년 06월 19일,711번(신탄진~대전역),12:00,안산도서관,4,0,0
2021년 06월 19일,711번(신탄진~대전역),12:00,중리시장,9,4,0
2021년 06월 19일,711번(신탄진~대전역),12:00,중리근린공원,5,1,0
2021년 06월 19일,711번(신탄진~대전역),12:00,중리동주민센터,2,0,0
2021년 06월 19일,711번(신탄진~대전역),12:00,한남병원,2,0,1
2021년 06월 19일,711번(신탄진~대전역),12:00,동대전고등학교,5,1,0
2021년 06월 19일,711번(신탄진~대전역),12:00,한숲아파트,9,3,0
2021년 06월 19일,711번(신탄진~대전역),12:00,한남로삼거리,10,4,0
2021년 06월 19일,711번(신탄진~대전역),12:00,대전신학대학교,0,1,0
2021년 06월 19일,711번(신탄진~대전역),12:00,한남대학교,3,0,1
2021년 06월 19일,711번(신탄진~대전역),12:00,한남오거리,16,25,1
2021년 06월 19일,711번(신탄진~대전역),12:00,대덕구청,1,0,0
2021년 06월 19일,711번(신탄진~대전역),12:00,솔랑마을아파트,2,1,0
2021년 06월 19일,711번(신탄진~대전역),12:00,한밭자이아파트,3,0,0
2021년 06월 19일,711번(신탄진~대전역),12:00,삼성초등학교,0,4,0
2021년 06월 19일,711번(신탄진~대전역),12:00,대전역,1,17,1
2021년 06월 19일,711번(신탄진~대전역),12:00,으능정이거리,0,30,0
2021년 06월 19일,711번(신탄진~대전역),12:00,대흥동성당,0,11,0
2021년 06월 19일,711번(신탄진~대전역),12:00,대흥동우체국,0,3,0
2021년 06월 19일,711번(신탄진~대전역),12:00,대동역2번출구,2,3,0
2021년 06월 19일,711번(신탄진~대전역),12:00,대동역3번출구,2,0,1
2021년 06월 19일,711번(신탄진~대전역),12:00,베스티안우송병원,4,0,1
2021년 06월 19일,711번(신탄진~대전역),12:00,원동네거리,4,0,1
2021년 06월 19일,711번(신탄진~대전역),12:00,대흥동우체국,0,1,0
2021년 06월 19일,711번(신탄진~대전역),12:00,대흥동성당,3,3,0
2021년 06월 19일,711번(신탄진~대전역),12:00,으능정이거리,8,2,2
2021년 06월 19일,711번(신탄진~대전역),12:00,대전역,19,0,5
2021년 06월 19일,711번(신탄진~대전역),12:00,한밭자이아파트,1,8,0
2021년 06월 19일,711번(신탄진~대전역),12:00,한남오거리,6,2,2
2021년 06월 19일,711번(신탄진~대전역),12:00,한남대학교,3,3,0
2021년 06월 19일,711번(신탄진~대전역),12:00,대전신학대학교,3,3,0
2021년 06월 19일,711번(신탄진~대전역),12:00,한남로삼거리,1,1,0
2021년 06월 19일,711번(신탄진~대전역),12:00,한숲아파트,5,3,0
2021년 06월 19일,711번(신탄진~대전역),12:00,동대전고등학교,5,2,0
2021년 06월 19일,711번(신탄진~대전역),12:00,중리동주민센터,1,3,1
2021년 06월 19일,711번(신탄진~대전역),12:00,중리근린공원,2,5,0
2021년 06월 19일,711번(신탄진~대전역),12:00,중리시장,5,8,3
2021년 06월 19일,711번(신탄진~대전역),12:00,유원아파트,2,3,0
2021년 06월 19일,711번(신탄진~대전역),12:00,삼정하이츠타운,0,5,0
2021년 06월 19일,711번(신탄진~대전역),12:00,읍내동현대아파트,2,1,2
2021년 06월 19일,711번(신탄진~대전역),12:00,연축아파트,1,1,0
2021년 06월 19일,711번(신탄진~대전역),12:00,와동현대아파트,2,3,2
2021년 06월 19일,711번(신탄진~대전역),12:00,들말/신대차고지,0,1,0
2021년 06월 19일,711번(신탄진~대전역),12:00,선바위삼거리,0,1,0
2021년 06월 19일,711번(신탄진~대전역),12:00,신탄진한일병원,1,0,0
2021년 06월 19일,711번(신탄진~대전역),12:00,평촌동,0,1,0
2021년 06월 19일,711번(신탄진~대전역),12:00,덕암동주민센터,1,0,0
2021년 06월 19일,711번(신탄진~대전역),12:00,남경마을,1,3,1
2021년 06월 19일,711번(신탄진~대전역),12:00,석봉과선교,0,1,0
2021년 06월 19일,711번(신탄진~대전역),12:00,석봉초등학교,0,1,0
2021년 06월 19일,711번(신탄진~대전역),12:00,신탄진고등학교,3,2,0
2021년 06월 19일,711번(신탄진~대전역),12:00,용정초등학교,1,1,0
2021년 06월 19일,711번(신탄진~대전역),12:00,신탄진동행정복지센터,0,2,0
2021년 06월 19일,711번(신탄진~대전역),12:00,신탄진시장,0,4,0
2021년 06월 19일,711번(신탄진~대전역),13:00,금강엑슬루타워,2,0,1
2021년 06월 19일,711번(신탄진~대전역),13:00,신탄진시장,5,0,2
2021년 06월 19일,711번(신탄진~대전역),13:00,신탄진동행정복지센터,2,1,0
2021년 06월 19일,711번(신탄진~대전역),13:00,새여울아파트,2,1,1
2021년 06월 19일,711번(신탄진~대전역),13:00,신탄진고등학교,4,1,0
2021년 06월 19일,711번(신탄진~대전역),13:00,석봉초등학교,9,2,0
2021년 06월 19일,711번(신탄진~대전역),13:00,남경마을,3,1,0
2021년 06월 19일,711번(신탄진~대전역),13:00,평촌동,2,4,1
2021년 06월 19일,711번(신탄진~대전역),13:00,신탄진한일병원,2,0,1
2021년 06월 19일,711번(신탄진~대전역),13:00,선바위,2,0,0
2021년 06월 19일,711번(신탄진~대전역),13:00,신대주공아파트,2,3,0
2021년 06월 19일,711번(신탄진~대전역),13:00,와동초등학교,3,0,0
2021년 06월 19일,711번(신탄진~대전역),13:00,대한통운종점,0,1,0
2021년 06월 19일,711번(신탄진~대전역),13:00,읍내동현대아파트,4,2,0
2021년 06월 19일,711번(신탄진~대전역),13:00,영진아파트,6,1,1
2021년 06월 19일,711번(신탄진~대전역),13:00,법동주공3단지,8,4,0
2021년 06월 19일,711번(신탄진~대전역),13:00,안산도서관,4,0,1
2021년 06월 19일,711번(신탄진~대전역),13:00,중리시장,5,4,1
2021년 06월 19일,711번(신탄진~대전역),13:00,중리근린공원,8,1,0
2021년 06월 19일,711번(신탄진~대전역),13:00,중리동주민센터,5,1,0
2021년 06월 19일,711번(신탄진~대전역),13:00,한남병원,3,2,2
2021년 06월 19일,711번(신탄진~대전역),13:00,동대전고등학교,4,0,1
2021년 06월 19일,711번(신탄진~대전역),13:00,한숲아파트,5,4,0
2021년 06월 19일,711번(신탄진~대전역),13:00,한남로삼거리,12,5,1
2021년 06월 19일,711번(신탄진~대전역),13:00,대전신학대학교,6,0,0
2021년 06월 19일,711번(신탄진~대전역),13:00,한남대학교,2,1,0
2021년 06월 19일,711번(신탄진~대전역),13:00,한남오거리,1,2,0
2021년 06월 19일,711번(신탄진~대전역),13:00,대덕구청,4,0,2
2021년 06월 19일,711번(신탄진~대전역),13:00,솔랑마을아파트,5,0,1
2021년 06월 19일,711번(신탄진~대전역),13:00,한밭자이아파트,5,3,0
2021년 06월 19일,711번(신탄진~대전역),13:00,삼성초등학교,0,8,0
2021년 06월 19일,711번(신탄진~대전역),13:00,대전역,3,22,0
2021년 06월 19일,711번(신탄진~대전역),13:00,으능정이거리,1,17,0
2021년 06월 19일,711번(신탄진~대전역),13:00,대흥동성당,1,9,0
2021년 06월 19일,711번(신탄진~대전역),13:00,대흥동우체국,0,1,0
2021년 06월 19일,711번(신탄진~대전역),13:00,이스트시티아파트,0,1,0
2021년 06월 19일,711번(신탄진~대전역),13:00,대동역2번출구,0,4,0
2021년 06월 19일,711번(신탄진~대전역),13:00,신안동,1,0,0
2021년 06월 19일,711번(신탄진~대전역),13:00,대전역동광장,1,0,0
2021년 06월 19일,711번(신탄진~대전역),13:00,대동역3번출구,2,0,0
2021년 06월 19일,711번(신탄진~대전역),13:00,베스티안우송병원,1,0,0
2021년 06월 19일,711번(신탄진~대전역),13:00,대흥동우체국,1,2,0
2021년 06월 19일,711번(신탄진~대전역),13:00,대흥동성당,11,0,0
2021년 06월 19일,711번(신탄진~대전역),13:00,으능정이거리,15,0,9
2021년 06월 19일,711번(신탄진~대전역),13:00,대전역,11,4,3
2021년 06월 19일,711번(신탄진~대전역),13:00,삼성초등학교,1,3,0
2021년 06월 19일,711번(신탄진~대전역),13:00,삼성네거리,1,0,0
2021년 06월 19일,711번(신탄진~대전역),13:00,한밭자이아파트,3,0,1
2021년 06월 19일,711번(신탄진~대전역),13:00,솔랑마을아파트,1,2,1
2021년 06월 19일,711번(신탄진~대전역),13:00,대덕구청,3,0,1
2021년 06월 19일,711번(신탄진~대전역),13:00,한남오거리,2,3,0
2021년 06월 19일,711번(신탄진~대전역),13:00,한남대학교,0,3,0
2021년 06월 19일,711번(신탄진~대전역),13:00,대전신학대학교,3,0,0
2021년 06월 19일,711번(신탄진~대전역),13:00,한남로삼거리,1,1,0
2021년 06월 19일,711번(신탄진~대전역),13:00,한숲아파트,10,5,0
2021년 06월 19일,711번(신탄진~대전역),13:00,중리동주민센터,2,2,0
2021년 06월 19일,711번(신탄진~대전역),13:00,중리근린공원,1,3,0
2021년 06월 19일,711번(신탄진~대전역),13:00,중리시장,3,5,1
2021년 06월 19일,711번(신탄진~대전역),13:00,유원아파트,0,5,0
2021년 06월 19일,711번(신탄진~대전역),13:00,삼정하이츠타운,0,3,0
2021년 06월 19일,711번(신탄진~대전역),13:00,읍내동현대아파트,0,2,0
2021년 06월 19일,711번(신탄진~대전역),13:00,대덕구장애인복지관,0,1,0
2021년 06월 19일,711번(신탄진~대전역),13:00,와동현대아파트,4,5,4
2021년 06월 19일,711번(신탄진~대전역),13:00,들말/신대차고지,1,2,1
2021년 06월 19일,711번(신탄진~대전역),13:00,선바위삼거리,0,1,0
2021년 06월 19일,711번(신탄진~대전역),13:00,신탄진한일병원,2,0,0
2021년 06월 19일,711번(신탄진~대전역),13:00,남경마을,0,3,0
2021년 06월 19일,711번(신탄진~대전역),13:00,석봉과선교,1,0,0
2021년 06월 19일,711번(신탄진~대전역),13:00,석봉초등학교,0,4,0
2021년 06월 19일,711번(신탄진~대전역),13:00,신탄진고등학교,2,7,0
2021년 06월 19일,711번(신탄진~대전역),13:00,용정초등학교,0,2,0
2021년 06월 19일,711번(신탄진~대전역),13:00,신탄진시장,1,0,0
2021년 06월 19일,711번(신탄진~대전역),13:00,금강엑슬루타워,0,2,0
2021년 06월 19일,711번(신탄진~대전역),14:00,금강엑슬루타워정문,4,0,0
2021년 06월 19일,711번(신탄진~대전역),14:00,금강엑슬루타워,3,4,2
2021년 06월 19일,711번(신탄진~대전역),14:00,신탄진시장,5,0,3
2021년 06월 19일,711번(신탄진~대전역),14:00,신탄진동행정복지센터,2,0,0
2021년 06월 19일,711번(신탄진~대전역),14:00,새여울아파트,1,1,0
2021년 06월 19일,711번(신탄진~대전역),14:00,신탄진고등학교,2,0,0
2021년 06월 19일,711번(신탄진~대전역),14:00,석봉초등학교,2,0,0
2021년 06월 19일,711번(신탄진~대전역),14:00,남경마을,3,0,0
2021년 06월 19일,711번(신탄진~대전역),14:00,덕암동주민센터,0,1,0
2021년 06월 19일,711번(신탄진~대전역),14:00,신탄진한일병원,3,0,0
2021년 06월 19일,711번(신탄진~대전역),14:00,상서삼거리,1,0,0
2021년 06월 19일,711번(신탄진~대전역),14:00,신대주공아파트,1,4,0
2021년 06월 19일,711번(신탄진~대전역),14:00,와동초등학교,1,0,0
2021년 06월 19일,711번(신탄진~대전역),14:00,성우동산,1,0,0
2021년 06월 19일,711번(신탄진~대전역),14:00,대한통운종점,1,0,0
2021년 06월 19일,711번(신탄진~대전역),14:00,읍내동현대아파트,1,2,0
2021년 06월 19일,711번(신탄진~대전역),14:00,영진아파트,3,0,0
2021년 06월 19일,711번(신탄진~대전역),14:00,법동주공3단지,6,2,0
2021년 06월 19일,711번(신탄진~대전역),14:00,안산도서관,9,1,0
2021년 06월 19일,711번(신탄진~대전역),14:00,중리시장,11,3,0
2021년 06월 19일,711번(신탄진~대전역),14:00,중리근린공원,6,0,0
2021년 06월 19일,711번(신탄진~대전역),14:00,중리동주민센터,2,2,0
2021년 06월 19일,711번(신탄진~대전역),14:00,한남병원,8,1,5
2021년 06월 19일,711번(신탄진~대전역),14:00,동대전고등학교,5,3,0
2021년 06월 19일,711번(신탄진~대전역),14:00,한숲아파트,6,2,0
2021년 06월 19일,711번(신탄진~대전역),14:00,한남로삼거리,20,2,2
2021년 06월 19일,711번(신탄진~대전역),14:00,대전신학대학교,7,2,0
2021년 06월 19일,711번(신탄진~대전역),14:00,한남대학교,3,1,0
2021년 06월 19일,711번(신탄진~대전역),14:00,한남오거리,3,7,0
2021년 06월 19일,711번(신탄진~대전역),14:00,대덕구청,3,1,0
2021년 06월 19일,711번(신탄진~대전역),14:00,솔랑마을아파트,1,1,0
2021년 06월 19일,711번(신탄진~대전역),14:00,한밭자이아파트,5,3,0
2021년 06월 19일,711번(신탄진~대전역),14:00,삼성초등학교,1,1,0
2021년 06월 19일,711번(신탄진~대전역),14:00,대전역,1,28,0
2021년 06월 19일,711번(신탄진~대전역),14:00,으능정이거리,0,12,0
2021년 06월 19일,711번(신탄진~대전역),14:00,대흥동성당,0,8,0
2021년 06월 19일,711번(신탄진~대전역),14:00,대흥동우체국,2,0,0
2021년 06월 19일,711번(신탄진~대전역),14:00,이스트시티아파트,0,1,0
2021년 06월 19일,711번(신탄진~대전역),14:00,대동역2번출구,0,2,0
2021년 06월 19일,711번(신탄진~대전역),14:00,대전역동광장,0,1,0
2021년 06월 19일,711번(신탄진~대전역),14:00,신안동,1,0,0
2021년 06월 19일,711번(신탄진~대전역),14:00,대동역3번출구,3,0,2
2021년 06월 19일,711번(신탄진~대전역),14:00,베스티안우송병원,2,0,0
2021년 06월 19일,711번(신탄진~대전역),14:00,원동네거리,5,1,0
2021년 06월 19일,711번(신탄진~대전역),14:00,대흥동우체국,6,1,0
2021년 06월 19일,711번(신탄진~대전역),14:00,대흥동성당,6,3,2
2021년 06월 19일,711번(신탄진~대전역),14:00,으능정이거리,13,3,3
2021년 06월 19일,711번(신탄진~대전역),14:00,대전역,26,1,11
2021년 06월 19일,711번(신탄진~대전역),14:00,삼성초등학교,1,0,1
2021년 06월 19일,711번(신탄진~대전역),14:00,삼성네거리,1,0,0
2021년 06월 19일,711번(신탄진~대전역),14:00,한밭자이아파트,1,2,0
2021년 06월 19일,711번(신탄진~대전역),14:00,한남오거리,3,2,0
2021년 06월 19일,711번(신탄진~대전역),14:00,한남대학교,1,1,1
2021년 06월 19일,711번(신탄진~대전역),14:00,대전신학대학교,2,4,0
2021년 06월 19일,711번(신탄진~대전역),14:00,한남로삼거리,7,3,0
2021년 06월 19일,711번(신탄진~대전역),14:00,한숲아파트,3,5,0
2021년 06월 19일,711번(신탄진~대전역),14:00,동대전고등학교,0,1,0
2021년 06월 19일,711번(신탄진~대전역),14:00,중리동주민센터,2,5,1
2021년 06월 19일,711번(신탄진~대전역),14:00,중리근린공원,3,6,0
2021년 06월 19일,711번(신탄진~대전역),14:00,중리시장,8,0,2
2021년 06월 19일,711번(신탄진~대전역),14:00,유원아파트,1,5,0
2021년 06월 19일,711번(신탄진~대전역),14:00,삼정하이츠타운,2,2,0
2021년 06월 19일,711번(신탄진~대전역),14:00,읍내동현대아파트,1,4,1
2021년 06월 19일,711번(신탄진~대전역),14:00,정수장,2,0,0
2021년 06월 19일,711번(신탄진~대전역),14:00,성우동산,0,1,0
2021년 06월 19일,711번(신탄진~대전역),14:00,와동현대아파트,6,1,3
2021년 06월 19일,711번(신탄진~대전역),14:00,선바위,0,1,0
2021년 06월 19일,711번(신탄진~대전역),14:00,신탄진한일병원,0,1,0
2021년 06월 19일,711번(신탄진~대전역),14:00,평촌동,1,1,0
2021년 06월 19일,711번(신탄진~대전역),14:00,덕암동주민센터,0,1,0
2021년 06월 19일,711번(신탄진~대전역),14:00,석봉과선교,0,2,0
2021년 06월 19일,711번(신탄진~대전역),14:00,석봉초등학교,0,1,0
2021년 06월 19일,711번(신탄진~대전역),14:00,신탄진고등학교,1,1,0
2021년 06월 19일,711번(신탄진~대전역),14:00,용정초등학교,2,3,0
2021년 06월 19일,711번(신탄진~대전역),14:00,신탄진동행정복지센터,1,1,0
2021년 06월 19일,711번(신탄진~대전역),14:00,신탄진시장,0,1,0
2021년 06월 19일,711번(신탄진~대전역),14:00,금강엑슬루타워,0,5,0
2021년 06월 19일,711번(신탄진~대전역),15:00,금강엑슬루타워정문,3,0,0
2021년 06월 19일,711번(신탄진~대전역),15:00,금강엑슬루타워,2,0,0
2021년 06월 19일,711번(신탄진~대전역),15:00,신탄진시장,8,0,1
2021년 06월 19일,711번(신탄진~대전역),15:00,신탄진동행정복지센터,1,1,0
2021년 06월 19일,711번(신탄진~대전역),15:00,새여울아파트,5,2,1
2021년 06월 19일,711번(신탄진~대전역),15:00,신탄진고등학교,2,0,0
2021년 06월 19일,711번(신탄진~대전역),15:00,석봉초등학교,6,0,0
2021년 06월 19일,711번(신탄진~대전역),15:00,남경마을,3,1,0
2021년 06월 19일,711번(신탄진~대전역),15:00,덕암동주민센터,0,2,0
2021년 06월 19일,711번(신탄진~대전역),15:00,평촌동,1,0,0
2021년 06월 19일,711번(신탄진~대전역),15:00,신탄진한일병원,1,3,0
2021년 06월 19일,711번(신탄진~대전역),15:00,상서삼거리,0,2,0
2021년 06월 19일,711번(신탄진~대전역),15:00,선바위,2,0,0
2021년 06월 19일,711번(신탄진~대전역),15:00,대한통운종점,0,1,0
2021년 06월 19일,711번(신탄진~대전역),15:00,읍내동현대아파트,5,0,1
2021년 06월 19일,711번(신탄진~대전역),15:00,영진아파트,2,0,0
2021년 06월 19일,711번(신탄진~대전역),15:00,법동주공3단지,1,0,0
2021년 06월 19일,711번(신탄진~대전역),15:00,안산도서관,11,7,1
2021년 06월 19일,711번(신탄진~대전역),15:00,중리시장,6,1,0
2021년 06월 19일,711번(신탄진~대전역),15:00,중리근린공원,10,1,0
2021년 06월 19일,711번(신탄진~대전역),15:00,중리동주민센터,3,3,0
2021년 06월 19일,711번(신탄진~대전역),15:00,한남병원,1,0,0
2021년 06월 19일,711번(신탄진~대전역),15:00,동대전고등학교,1,1,0
2021년 06월 19일,711번(신탄진~대전역),15:00,한남로삼거리,8,2,0
2021년 06월 19일,711번(신탄진~대전역),15:00,대전신학대학교,0,1,0
2021년 06월 19일,711번(신탄진~대전역),15:00,한남대학교,0,2,0
2021년 06월 19일,711번(신탄진~대전역),15:00,대덕구청,0,1,0
2021년 06월 19일,711번(신탄진~대전역),15:00,솔랑마을아파트,2,0,0
2021년 06월 19일,711번(신탄진~대전역),15:00,한밭자이아파트,6,1,0
2021년 06월 19일,711번(신탄진~대전역),15:00,삼성초등학교,1,2,0
2021년 06월 19일,711번(신탄진~대전역),15:00,대전역,0,7,0
2021년 06월 19일,711번(신탄진~대전역),15:00,으능정이거리,1,17,0
2021년 06월 19일,711번(신탄진~대전역),15:00,대흥동성당,2,8,0
2021년 06월 19일,711번(신탄진~대전역),15:00,신안동,0,2,0
2021년 06월 19일,711번(신탄진~대전역),15:00,베스티안우송병원,6,0,0
2021년 06월 19일,711번(신탄진~대전역),15:00,원동네거리,1,0,0
2021년 06월 19일,711번(신탄진~대전역),15:00,대흥동우체국,2,0,0
2021년 06월 19일,711번(신탄진~대전역),15:00,대흥동성당,6,2,2
2021년 06월 19일,711번(신탄진~대전역),15:00,으능정이거리,30,5,3
2021년 06월 19일,711번(신탄진~대전역),15:00,대전역,31,0,10
2021년 06월 19일,711번(신탄진~대전역),15:00,삼성초등학교,1,0,0
2021년 06월 19일,711번(신탄진~대전역),15:00,한밭자이아파트,5,4,0
2021년 06월 19일,711번(신탄진~대전역),15:00,솔랑마을아파트,4,1,2
2021년 06월 19일,711번(신탄진~대전역),15:00,대덕구청,5,1,1
2021년 06월 19일,711번(신탄진~대전역),15:00,한남오거리,5,5,0
2021년 06월 19일,711번(신탄진~대전역),15:00,한남대학교,1,2,0
2021년 06월 19일,711번(신탄진~대전역),15:00,대전신학대학교,2,6,1
2021년 06월 19일,711번(신탄진~대전역),15:00,한남로삼거리,6,11,0
2021년 06월 19일,711번(신탄진~대전역),15:00,한숲아파트,4,8,0
2021년 06월 19일,711번(신탄진~대전역),15:00,동대전고등학교,2,4,0
2021년 06월 19일,711번(신탄진~대전역),15:00,중리동주민센터,0,8,0
2021년 06월 19일,711번(신탄진~대전역),15:00,중리근린공원,0,10,0
2021년 06월 19일,711번(신탄진~대전역),15:00,중리시장,8,6,3
2021년 06월 19일,711번(신탄진~대전역),15:00,유원아파트,0,2,0
2021년 06월 19일,711번(신탄진~대전역),15:00,삼정하이츠타운,0,6,0
2021년 06월 19일,711번(신탄진~대전역),15:00,읍내동현대아파트,1,2,0
2021년 06월 19일,711번(신탄진~대전역),15:00,연축아파트,0,3,0
2021년 06월 19일,711번(신탄진~대전역),15:00,와동현대아파트,1,3,1
2021년 06월 19일,711번(신탄진~대전역),15:00,선바위삼거리,1,1,1
2021년 06월 19일,711번(신탄진~대전역),15:00,상서삼거리,4,0,0
2021년 06월 19일,711번(신탄진~대전역),15:00,신탄진한일병원,0,2,0
2021년 06월 19일,711번(신탄진~대전역),15:00,덕암동주민센터,0,2,0
2021년 06월 19일,711번(신탄진~대전역),15:00,남경마을,0,2,0
2021년 06월 19일,711번(신탄진~대전역),15:00,석봉과선교,0,6,0
2021년 06월 19일,711번(신탄진~대전역),15:00,석봉초등학교,0,5,0
2021년 06월 19일,711번(신탄진~대전역),15:00,신탄진고등학교,5,3,0
2021년 06월 19일,711번(신탄진~대전역),15:00,용정초등학교,0,1,0
2021년 06월 19일,711번(신탄진~대전역),15:00,신탄진시장,0,7,0
2021년 06월 19일,711번(신탄진~대전역),15:00,금강엑슬루타워,0,2,0
2021년 06월 19일,711번(신탄진~대전역),16:00,금강엑슬루타워정문,2,0,0
2021년 06월 19일,711번(신탄진~대전역),16:00,금강엑슬루타워,4,0,1
2021년 06월 19일,711번(신탄진~대전역),16:00,신탄진시장,3,1,0
2021년 06월 19일,711번(신탄진~대전역),16:00,새여울아파트,3,0,0
2021년 06월 19일,711번(신탄진~대전역),16:00,신탄진고등학교,1,0,0
2021년 06월 19일,711번(신탄진~대전역),16:00,석봉초등학교,4,0,0
2021년 06월 19일,711번(신탄진~대전역),16:00,남경마을,4,1,3
2021년 06월 19일,711번(신탄진~대전역),16:00,평촌동,4,4,0
2021년 06월 19일,711번(신탄진~대전역),16:00,신탄진한일병원,5,0,1
2021년 06월 19일,711번(신탄진~대전역),16:00,선바위,0,1,0
2021년 06월 19일,711번(신탄진~대전역),16:00,들말/신대차고지,0,1,0
2021년 06월 19일,711번(신탄진~대전역),16:00,신대주공아파트,5,4,3
2021년 06월 19일,711번(신탄진~대전역),16:00,와동초등학교,1,0,0
2021년 06월 19일,711번(신탄진~대전역),16:00,대한통운종점,0,2,0
2021년 06월 19일,711번(신탄진~대전역),16:00,읍내동현대아파트,2,6,0
2021년 06월 19일,711번(신탄진~대전역),16:00,영진아파트,3,0,0
2021년 06월 19일,711번(신탄진~대전역),16:00,법동주공3단지,6,0,0
2021년 06월 19일,711번(신탄진~대전역),16:00,안산도서관,3,1,0
2021년 06월 19일,711번(신탄진~대전역),16:00,중리시장,6,0,0
2021년 06월 19일,711번(신탄진~대전역),16:00,중리근린공원,7,3,0
2021년 06월 19일,711번(신탄진~대전역),16:00,중리동주민센터,1,5,0
2021년 06월 19일,711번(신탄진~대전역),16:00,한남병원,4,1,1
2021년 06월 19일,711번(신탄진~대전역),16:00,동대전고등학교,2,2,0
2021년 06월 19일,711번(신탄진~대전역),16:00,한숲아파트,4,1,1
2021년 06월 19일,711번(신탄진~대전역),16:00,한남로삼거리,19,8,0
2021년 06월 19일,711번(신탄진~대전역),16:00,대전신학대학교,1,0,0
2021년 06월 19일,711번(신탄진~대전역),16:00,한남오거리,1,1,0
2021년 06월 19일,711번(신탄진~대전역),16:00,대덕구청,3,3,1
2021년 06월 19일,711번(신탄진~대전역),16:00,솔랑마을아파트,4,1,0
2021년 06월 19일,711번(신탄진~대전역),16:00,삼성초등학교,1,5,0
2021년 06월 19일,711번(신탄진~대전역),16:00,대전역,0,20,0
2021년 06월 19일,711번(신탄진~대전역),16:00,으능정이거리,0,23,0
2021년 06월 19일,711번(신탄진~대전역),16:00,대흥동성당,3,7,0
2021년 06월 19일,711번(신탄진~대전역),16:00,대흥동우체국,0,3,0
2021년 06월 19일,711번(신탄진~대전역),16:00,이스트시티아파트,0,3,0
2021년 06월 19일,711번(신탄진~대전역),16:00,대동역2번출구,0,3,0
2021년 06월 19일,711번(신탄진~대전역),16:00,대전역동광장,2,0,0
2021년 06월 19일,711번(신탄진~대전역),16:00,대동역3번출구,13,0,3
2021년 06월 19일,711번(신탄진~대전역),16:00,원동네거리,1,0,0
2021년 06월 19일,711번(신탄진~대전역),16:00,대흥동우체국,3,0,0
2021년 06월 19일,711번(신탄진~대전역),16:00,대흥동성당,2,0,0
2021년 06월 19일,711번(신탄진~대전역),16:00,으능정이거리,12,0,1
2021년 06월 19일,711번(신탄진~대전역),16:00,대전역,25,16,9
2021년 06월 19일,711번(신탄진~대전역),16:00,한밭자이아파트,2,0,1
2021년 06월 19일,711번(신탄진~대전역),16:00,솔랑마을아파트,0,2,0
2021년 06월 19일,711번(신탄진~대전역),16:00,대덕구청,2,0,2
2021년 06월 19일,711번(신탄진~대전역),16:00,한남오거리,3,1,0
2021년 06월 19일,711번(신탄진~대전역),16:00,한남대학교,0,4,0
2021년 06월 19일,711번(신탄진~대전역),16:00,대전신학대학교,3,2,0
2021년 06월 19일,711번(신탄진~대전역),16:00,한남로삼거리,7,0,0
2021년 06월 19일,711번(신탄진~대전역),16:00,한숲아파트,4,2,1
2021년 06월 19일,711번(신탄진~대전역),16:00,동대전고등학교,2,3,0
2021년 06월 19일,711번(신탄진~대전역),16:00,중리동주민센터,5,7,0
2021년 06월 19일,711번(신탄진~대전역),16:00,중리근린공원,0,3,0
2021년 06월 19일,711번(신탄진~대전역),16:00,중리시장,1,7,0
2021년 06월 19일,711번(신탄진~대전역),16:00,유원아파트,1,6,0
2021년 06월 19일,711번(신탄진~대전역),16:00,삼정하이츠타운,3,1,0
2021년 06월 19일,711번(신탄진~대전역),16:00,읍내동현대아파트,1,2,1
2021년 06월 19일,711번(신탄진~대전역),16:00,연축아파트,2,0,0
2021년 06월 19일,711번(신탄진~대전역),16:00,와동현대아파트,1,1,1
2021년 06월 19일,711번(신탄진~대전역),16:00,상서삼거리,0,1,0
2021년 06월 19일,711번(신탄진~대전역),16:00,신탄진한일병원,2,0,2
2021년 06월 19일,711번(신탄진~대전역),16:00,덕암동주민센터,0,2,0
2021년 06월 19일,711번(신탄진~대전역),16:00,남경마을,0,3,0
2021년 06월 19일,711번(신탄진~대전역),16:00,석봉과선교,1,3,0
2021년 06월 19일,711번(신탄진~대전역),16:00,석봉초등학교,0,4,0
2021년 06월 19일,711번(신탄진~대전역),16:00,신탄진고등학교,2,1,0
2021년 06월 19일,711번(신탄진~대전역),16:00,신탄진동행정복지센터,0,1,0
2021년 06월 19일,711번(신탄진~대전역),16:00,신탄진시장,0,1,0
2021년 06월 19일,711번(신탄진~대전역),16:00,금강엑슬루타워,0,2,0
2021년 06월 19일,711번(신탄진~대전역),17:00,금강엑슬루타워,3,0,1
2021년 06월 19일,711번(신탄진~대전역),17:00,신탄진시장,4,0,2
2021년 06월 19일,711번(신탄진~대전역),17:00,신탄진동행정복지센터,1,1,0
2021년 06월 19일,711번(신탄진~대전역),17:00,새여울아파트,1,3,0
2021년 06월 19일,711번(신탄진~대전역),17:00,신탄진고등학교,3,0,0
2021년 06월 19일,711번(신탄진~대전역),17:00,석봉초등학교,3,1,0
2021년 06월 19일,711번(신탄진~대전역),17:00,남경마을,1,0,0
2021년 06월 19일,711번(신탄진~대전역),17:00,덕암동주민센터,0,1,0
2021년 06월 19일,711번(신탄진~대전역),17:00,평촌동,1,0,0
2021년 06월 19일,711번(신탄진~대전역),17:00,신탄진한일병원,5,0,0
2021년 06월 19일,711번(신탄진~대전역),17:00,선바위,1,0,0
2021년 06월 19일,711번(신탄진~대전역),17:00,신대주공아파트,5,2,0
2021년 06월 19일,711번(신탄진~대전역),17:00,와동초등학교,2,0,0
2021년 06월 19일,711번(신탄진~대전역),17:00,읍내동현대아파트,8,1,1
2021년 06월 19일,711번(신탄진~대전역),17:00,영진아파트,1,1,0
2021년 06월 19일,711번(신탄진~대전역),17:00,법동주공3단지,7,1,1
2021년 06월 19일,711번(신탄진~대전역),17:00,안산도서관,4,3,0
2021년 06월 19일,711번(신탄진~대전역),17:00,중리시장,12,1,1
2021년 06월 19일,711번(신탄진~대전역),17:00,중리근린공원,3,1,0
2021년 06월 19일,711번(신탄진~대전역),17:00,중리동주민센터,6,7,0
2021년 06월 19일,711번(신탄진~대전역),17:00,한남병원,5,2,4
2021년 06월 19일,711번(신탄진~대전역),17:00,동대전고등학교,0,6,0
2021년 06월 19일,711번(신탄진~대전역),17:00,한숲아파트,4,4,0
2021년 06월 19일,711번(신탄진~대전역),17:00,한남로삼거리,12,7,2
2021년 06월 19일,711번(신탄진~대전역),17:00,대전신학대학교,1,0,0
2021년 06월 19일,711번(신탄진~대전역),17:00,한남대학교,2,0,0
2021년 06월 19일,711번(신탄진~대전역),17:00,한남오거리,6,2,0
2021년 06월 19일,711번(신탄진~대전역),17:00,대덕구청,5,7,2
2021년 06월 19일,711번(신탄진~대전역),17:00,솔랑마을아파트,1,1,0
2021년 06월 19일,711번(신탄진~대전역),17:00,한밭자이아파트,1,2,0
2021년 06월 19일,711번(신탄진~대전역),17:00,삼성초등학교,1,4,0
2021년 06월 19일,711번(신탄진~대전역),17:00,대전역,1,11,1
2021년 06월 19일,711번(신탄진~대전역),17:00,으능정이거리,1,13,1
2021년 06월 19일,711번(신탄진~대전역),17:00,대흥동성당,1,6,0
2021년 06월 19일,711번(신탄진~대전역),17:00,대흥동우체국,1,2,0
2021년 06월 19일,711번(신탄진~대전역),17:00,이스트시티아파트,0,1,0
2021년 06월 19일,711번(신탄진~대전역),17:00,신안동,0,1,0
2021년 06월 19일,711번(신탄진~대전역),17:00,대전역동광장,2,0,0
2021년 06월 19일,711번(신탄진~대전역),17:00,대동역3번출구,2,0,2
2021년 06월 19일,711번(신탄진~대전역),17:00,베스티안우송병원,1,0,0
2021년 06월 19일,711번(신탄진~대전역),17:00,대흥동우체국,1,0,0
2021년 06월 19일,711번(신탄진~대전역),17:00,대흥동성당,5,2,0
2021년 06월 19일,711번(신탄진~대전역),17:00,으능정이거리,32,1,3
2021년 06월 19일,711번(신탄진~대전역),17:00,대전역,29,8,12
2021년 06월 19일,711번(신탄진~대전역),17:00,삼성초등학교,4,0,2
2021년 06월 19일,711번(신탄진~대전역),17:00,삼성네거리,1,1,0
2021년 06월 19일,711번(신탄진~대전역),17:00,한밭자이아파트,4,2,1
2021년 06월 19일,711번(신탄진~대전역),17:00,솔랑마을아파트,3,1,1
2021년 06월 19일,711번(신탄진~대전역),17:00,대덕구청,3,2,0
2021년 06월 19일,711번(신탄진~대전역),17:00,한남오거리,7,1,3
2021년 06월 19일,711번(신탄진~대전역),17:00,한남대학교,0,5,0
2021년 06월 19일,711번(신탄진~대전역),17:00,대전신학대학교,0,7,0
2021년 06월 19일,711번(신탄진~대전역),17:00,한남로삼거리,7,7,1
2021년 06월 19일,711번(신탄진~대전역),17:00,한숲아파트,4,4,0
2021년 06월 19일,711번(신탄진~대전역),17:00,동대전고등학교,1,6,0
2021년 06월 19일,711번(신탄진~대전역),17:00,중리동주민센터,1,8,0
2021년 06월 19일,711번(신탄진~대전역),17:00,중리근린공원,1,9,0
2021년 06월 19일,711번(신탄진~대전역),17:00,중리시장,2,5,1
2021년 06월 19일,711번(신탄진~대전역),17:00,유원아파트,2,5,0
2021년 06월 19일,711번(신탄진~대전역),17:00,삼정하이츠타운,0,6,0
2021년 06월 19일,711번(신탄진~대전역),17:00,읍내동현대아파트,3,2,2
2021년 06월 19일,711번(신탄진~대전역),17:00,연축아파트,1,2,0
2021년 06월 19일,711번(신탄진~대전역),17:00,와동현대아파트,1,2,1
2021년 06월 19일,711번(신탄진~대전역),17:00,선바위삼거리,1,1,0
2021년 06월 19일,711번(신탄진~대전역),17:00,남경마을,0,1,0
2021년 06월 19일,711번(신탄진~대전역),17:00,석봉과선교,0,1,0
2021년 06월 19일,711번(신탄진~대전역),17:00,석봉초등학교,0,6,0
2021년 06월 19일,711번(신탄진~대전역),17:00,신탄진고등학교,4,5,0
2021년 06월 19일,711번(신탄진~대전역),17:00,신탄진동행정복지센터,0,1,0
2021년 06월 19일,711번(신탄진~대전역),17:00,신탄진시장,0,2,0
2021년 06월 19일,711번(신탄진~대전역),17:00,금강엑슬루타워,0,4,0
2021년 06월 19일,711번(신탄진~대전역),18:00,금강엑슬루타워정문,1,0,0
2021년 06월 19일,711번(신탄진~대전역),18:00,금강엑슬루타워,2,0,0
2021년 06월 19일,711번(신탄진~대전역),18:00,신탄진시장,3,0,0
2021년 06월 19일,711번(신탄진~대전역),18:00,신탄진동행정복지센터,2,0,0
2021년 06월 19일,711번(신탄진~대전역),18:00,새여울아파트,3,0,0
2021년 06월 19일,711번(신탄진~대전역),18:00,신탄진고등학교,9,1,0
2021년 06월 19일,711번(신탄진~대전역),18:00,석봉초등학교,4,0,0
2021년 06월 19일,711번(신탄진~대전역),18:00,남경마을,2,1,0
2021년 06월 19일,711번(신탄진~대전역),18:00,덕암동주민센터,1,2,1
2021년 06월 19일,711번(신탄진~대전역),18:00,평촌동,2,1,0
2021년 06월 19일,711번(신탄진~대전역),18:00,신탄진한일병원,2,1,0
2021년 06월 19일,711번(신탄진~대전역),18:00,신대주공아파트,6,1,5
2021년 06월 19일,711번(신탄진~대전역),18:00,와동초등학교,0,1,0
2021년 06월 19일,711번(신탄진~대전역),18:00,성우동산,2,0,0
2021년 06월 19일,711번(신탄진~대전역),18:00,대한통운종점,0,2,0
2021년 06월 19일,711번(신탄진~대전역),18:00,읍내동현대아파트,3,1,2
2021년 06월 19일,711번(신탄진~대전역),18:00,영진아파트,0,1,0
2021년 06월 19일,711번(신탄진~대전역),18:00,법동주공3단지,6,0,0
2021년 06월 19일,711번(신탄진~대전역),18:00,안산도서관,4,2,0
2021년 06월 19일,711번(신탄진~대전역),18:00,중리시장,10,9,0
2021년 06월 19일,711번(신탄진~대전역),18:00,중리근린공원,4,0,1
2021년 06월 19일,711번(신탄진~대전역),18:00,중리동주민센터,2,4,0
2021년 06월 19일,711번(신탄진~대전역),18:00,한남병원,4,3,1
2021년 06월 19일,711번(신탄진~대전역),18:00,동대전고등학교,3,1,0
2021년 06월 19일,711번(신탄진~대전역),18:00,한숲아파트,2,2,0
2021년 06월 19일,711번(신탄진~대전역),18:00,한남로삼거리,8,11,0
2021년 06월 19일,711번(신탄진~대전역),18:00,대전신학대학교,1,3,0
2021년 06월 19일,711번(신탄진~대전역),18:00,한남대학교,1,1,0
2021년 06월 19일,711번(신탄진~대전역),18:00,한남오거리,4,1,0
2021년 06월 19일,711번(신탄진~대전역),18:00,대덕구청,2,0,0
2021년 06월 19일,711번(신탄진~대전역),18:00,한밭자이아파트,3,2,0
2021년 06월 19일,711번(신탄진~대전역),18:00,삼성초등학교,0,2,0
2021년 06월 19일,711번(신탄진~대전역),18:00,대전역,2,4,2
2021년 06월 19일,711번(신탄진~대전역),18:00,으능정이거리,0,15,0
2021년 06월 19일,711번(신탄진~대전역),18:00,대흥동성당,3,2,0
2021년 06월 19일,711번(신탄진~대전역),18:00,대흥동우체국,3,2,0
2021년 06월 19일,711번(신탄진~대전역),18:00,이스트시티아파트,0,3,0
2021년 06월 19일,711번(신탄진~대전역),18:00,대동역2번출구,0,2,0
2021년 06월 19일,711번(신탄진~대전역),18:00,대전역동광장,0,1,0
2021년 06월 19일,711번(신탄진~대전역),18:00,대전역동광장,0,2,0
2021년 06월 19일,711번(신탄진~대전역),18:00,대동역3번출구,8,0,1
2021년 06월 19일,711번(신탄진~대전역),18:00,베스티안우송병원,1,0,0
2021년 06월 19일,711번(신탄진~대전역),18:00,원동네거리,2,1,0
2021년 06월 19일,711번(신탄진~대전역),18:00,대흥동우체국,1,2,0
2021년 06월 19일,711번(신탄진~대전역),18:00,대흥동성당,6,1,1
2021년 06월 19일,711번(신탄진~대전역),18:00,으능정이거리,18,0,6
2021년 06월 19일,711번(신탄진~대전역),18:00,대전역,15,2,10
2021년 06월 19일,711번(신탄진~대전역),18:00,삼성초등학교,1,1,1
2021년 06월 19일,711번(신탄진~대전역),18:00,삼성네거리,2,0,0
2021년 06월 19일,711번(신탄진~대전역),18:00,한밭자이아파트,1,3,0
2021년 06월 19일,711번(신탄진~대전역),18:00,대덕구청,2,0,1
2021년 06월 19일,711번(신탄진~대전역),18:00,한남오거리,4,1,4
2021년 06월 19일,711번(신탄진~대전역),18:00,대전신학대학교,0,5,0
2021년 06월 19일,711번(신탄진~대전역),18:00,한남로삼거리,7,8,1
2021년 06월 19일,711번(신탄진~대전역),18:00,한숲아파트,3,5,0
2021년 06월 19일,711번(신탄진~대전역),18:00,동대전고등학교,1,5,0
2021년 06월 19일,711번(신탄진~대전역),18:00,중리동주민센터,2,1,0
2021년 06월 19일,711번(신탄진~대전역),18:00,중리근린공원,2,3,0
2021년 06월 19일,711번(신탄진~대전역),18:00,중리시장,6,4,2
2021년 06월 19일,711번(신탄진~대전역),18:00,유원아파트,3,3,0
2021년 06월 19일,711번(신탄진~대전역),18:00,삼정하이츠타운,1,3,0
2021년 06월 19일,711번(신탄진~대전역),18:00,읍내동현대아파트,1,1,1
2021년 06월 19일,711번(신탄진~대전역),18:00,와동현대아파트,1,0,0
2021년 06월 19일,711번(신탄진~대전역),18:00,선바위,0,1,0
2021년 06월 19일,711번(신탄진~대전역),18:00,신탄진한일병원,2,1,0
2021년 06월 19일,711번(신탄진~대전역),18:00,평촌동,0,1,0
2021년 06월 19일,711번(신탄진~대전역),18:00,덕암동주민센터,1,1,0
2021년 06월 19일,711번(신탄진~대전역),18:00,남경마을,2,2,1
2021년 06월 19일,711번(신탄진~대전역),18:00,석봉과선교,0,5,0
2021년 06월 19일,711번(신탄진~대전역),18:00,석봉초등학교,0,5,0
2021년 06월 19일,711번(신탄진~대전역),18:00,신탄진고등학교,3,5,0
2021년 06월 19일,711번(신탄진~대전역),18:00,용정초등학교,3,2,0
2021년 06월 19일,711번(신탄진~대전역),18:00,신탄진시장,0,3,0
2021년 06월 19일,711번(신탄진~대전역),19:00,금강엑슬루타워,2,0,0
2021년 06월 19일,711번(신탄진~대전역),19:00,신탄진시장,3,0,1
2021년 06월 19일,711번(신탄진~대전역),19:00,신탄진동행정복지센터,1,0,0
2021년 06월 19일,711번(신탄진~대전역),19:00,새여울아파트,1,2,0
2021년 06월 19일,711번(신탄진~대전역),19:00,신탄진고등학교,9,0,0
2021년 06월 19일,711번(신탄진~대전역),19:00,석봉초등학교,9,1,0
2021년 06월 19일,711번(신탄진~대전역),19:00,평촌동,2,0,0
2021년 06월 19일,711번(신탄진~대전역),19:00,신탄진한일병원,2,0,0
2021년 06월 19일,711번(신탄진~대전역),19:00,상서삼거리,1,0,0
2021년 06월 19일,711번(신탄진~대전역),19:00,신대주공아파트,3,3,1
2021년 06월 19일,711번(신탄진~대전역),19:00,와동초등학교,1,2,0
2021년 06월 19일,711번(신탄진~대전역),19:00,성우동산,0,1,0
2021년 06월 19일,711번(신탄진~대전역),19:00,읍내동현대아파트,1,2,0
2021년 06월 19일,711번(신탄진~대전역),19:00,영진아파트,3,0,0
2021년 06월 19일,711번(신탄진~대전역),19:00,법동주공3단지,6,3,0
2021년 06월 19일,711번(신탄진~대전역),19:00,안산도서관,1,0,0
2021년 06월 19일,711번(신탄진~대전역),19:00,중리시장,9,7,0
2021년 06월 19일,711번(신탄진~대전역),19:00,중리근린공원,4,1,0
2021년 06월 19일,711번(신탄진~대전역),19:00,중리동주민센터,7,2,0
2021년 06월 19일,711번(신탄진~대전역),19:00,한남병원,2,1,1
2021년 06월 19일,711번(신탄진~대전역),19:00,동대전고등학교,3,0,0
2021년 06월 19일,711번(신탄진~대전역),19:00,한숲아파트,3,2,0
2021년 06월 19일,711번(신탄진~대전역),19:00,한남로삼거리,12,7,0
2021년 06월 19일,711번(신탄진~대전역),19:00,대전신학대학교,3,2,0
2021년 06월 19일,711번(신탄진~대전역),19:00,한남오거리,2,3,1
2021년 06월 19일,711번(신탄진~대전역),19:00,대덕구청,8,0,0
2021년 06월 19일,711번(신탄진~대전역),19:00,솔랑마을아파트,1,2,0
2021년 06월 19일,711번(신탄진~대전역),19:00,한밭자이아파트,7,3,0
2021년 06월 19일,711번(신탄진~대전역),19:00,삼성초등학교,0,8,0
2021년 06월 19일,711번(신탄진~대전역),19:00,대전역,1,17,0
2021년 06월 19일,711번(신탄진~대전역),19:00,으능정이거리,0,17,0
2021년 06월 19일,711번(신탄진~대전역),19:00,대흥동성당,1,5,0
2021년 06월 19일,711번(신탄진~대전역),19:00,대동역2번출구,0,1,0
2021년 06월 19일,711번(신탄진~대전역),19:00,신안동,25,19,3
2021년 06월 19일,711번(신탄진~대전역),19:00,신안동,2,0,0
2021년 06월 19일,711번(신탄진~대전역),19:00,대동역3번출구,2,0,0
2021년 06월 19일,711번(신탄진~대전역),19:00,베스티안우송병원,1,0,0
2021년 06월 19일,711번(신탄진~대전역),19:00,대흥동우체국,3,0,0
2021년 06월 19일,711번(신탄진~대전역),19:00,대흥동성당,3,0,0
2021년 06월 19일,711번(신탄진~대전역),19:00,으능정이거리,16,2,4
2021년 06월 19일,711번(신탄진~대전역),19:00,대전역,7,1,0
2021년 06월 19일,711번(신탄진~대전역),19:00,삼성초등학교,1,0,0
2021년 06월 19일,711번(신탄진~대전역),19:00,한밭자이아파트,2,0,1
2021년 06월 19일,711번(신탄진~대전역),19:00,솔랑마을아파트,2,0,2
2021년 06월 19일,711번(신탄진~대전역),19:00,대덕구청,1,3,1
2021년 06월 19일,711번(신탄진~대전역),19:00,한남오거리,3,0,1
2021년 06월 19일,711번(신탄진~대전역),19:00,한남대학교,0,3,0
2021년 06월 19일,711번(신탄진~대전역),19:00,대전신학대학교,3,6,0
2021년 06월 19일,711번(신탄진~대전역),19:00,한남로삼거리,5,9,1
2021년 06월 19일,711번(신탄진~대전역),19:00,한숲아파트,1,4,1
2021년 06월 19일,711번(신탄진~대전역),19:00,동대전고등학교,1,1,1
2021년 06월 19일,711번(신탄진~대전역),19:00,중리동주민센터,4,3,0
2021년 06월 19일,711번(신탄진~대전역),19:00,중리근린공원,3,4,0
2021년 06월 19일,711번(신탄진~대전역),19:00,중리시장,0,2,0
2021년 06월 19일,711번(신탄진~대전역),19:00,유원아파트,0,1,0
2021년 06월 19일,711번(신탄진~대전역),19:00,삼정하이츠타운,3,1,1
2021년 06월 19일,711번(신탄진~대전역),19:00,읍내동현대아파트,1,8,1
2021년 06월 19일,711번(신탄진~대전역),19:00,대덕구장애인복지관,1,0,0
2021년 06월 19일,711번(신탄진~대전역),19:00,연축아파트,0,2,0
2021년 06월 19일,711번(신탄진~대전역),19:00,와동현대아파트,3,2,3
2021년 06월 19일,711번(신탄진~대전역),19:00,신탄진한일병원,2,0,0
2021년 06월 19일,711번(신탄진~대전역),19:00,남경마을,2,0,1
2021년 06월 19일,711번(신탄진~대전역),19:00,석봉과선교,0,6,0
2021년 06월 19일,711번(신탄진~대전역),19:00,석봉초등학교,0,1,0
2021년 06월 19일,711번(신탄진~대전역),19:00,신탄진고등학교,1,2,0
2021년 06월 19일,711번(신탄진~대전역),19:00,용정초등학교,3,0,0
2021년 06월 19일,711번(신탄진~대전역),19:00,신탄진동행정복지센터,0,2,0
2021년 06월 19일,711번(신탄진~대전역),19:00,신탄진시장,0,8,0
2021년 06월 19일,711번(신탄진~대전역),20:00,금강엑슬루타워,1,0,1
2021년 06월 19일,711번(신탄진~대전역),20:00,신탄진동행정복지센터,2,0,0
2021년 06월 19일,711번(신탄진~대전역),20:00,신탄진고등학교,2,0,0
2021년 06월 19일,711번(신탄진~대전역),20:00,석봉초등학교,10,0,1
2021년 06월 19일,711번(신탄진~대전역),20:00,남경마을,3,0,0
2021년 06월 19일,711번(신탄진~대전역),20:00,신탄진한일병원,3,0,2
2021년 06월 19일,711번(신탄진~대전역),20:00,선바위,2,0,0
2021년 06월 19일,711번(신탄진~대전역),20:00,신대주공아파트,1,1,1
2021년 06월 19일,711번(신탄진~대전역),20:00,와동초등학교,5,0,0
2021년 06월 19일,711번(신탄진~대전역),20:00,읍내동현대아파트,1,0,0
2021년 06월 19일,711번(신탄진~대전역),20:00,법동주공3단지,6,5,0
2021년 06월 19일,711번(신탄진~대전역),20:00,안산도서관,4,0,0
2021년 06월 19일,711번(신탄진~대전역),20:00,중리시장,1,3,0
2021년 06월 19일,711번(신탄진~대전역),20:00,중리근린공원,4,3,0
2021년 06월 19일,711번(신탄진~대전역),20:00,중리동주민센터,2,0,0
2021년 06월 19일,711번(신탄진~대전역),20:00,한남병원,1,1,1
2021년 06월 19일,711번(신탄진~대전역),20:00,동대전고등학교,2,1,1
2021년 06월 19일,711번(신탄진~대전역),20:00,한숲아파트,4,3,0
2021년 06월 19일,711번(신탄진~대전역),20:00,한남로삼거리,7,12,0
2021년 06월 19일,711번(신탄진~대전역),20:00,대전신학대학교,4,0,0
2021년 06월 19일,711번(신탄진~대전역),20:00,한남대학교,2,0,2
2021년 06월 19일,711번(신탄진~대전역),20:00,한남오거리,1,2,0
2021년 06월 19일,711번(신탄진~대전역),20:00,대덕구청,0,2,0
2021년 06월 19일,711번(신탄진~대전역),20:00,솔랑마을아파트,1,0,0
2021년 06월 19일,711번(신탄진~대전역),20:00,한밭자이아파트,0,1,0
2021년 06월 19일,711번(신탄진~대전역),20:00,삼성초등학교,0,2,0
2021년 06월 19일,711번(신탄진~대전역),20:00,대전역,3,6,0
2021년 06월 19일,711번(신탄진~대전역),20:00,으능정이거리,1,11,1
2021년 06월 19일,711번(신탄진~대전역),20:00,대흥동성당,1,9,1
2021년 06월 19일,711번(신탄진~대전역),20:00,대흥동우체국,1,2,0
2021년 06월 19일,711번(신탄진~대전역),20:00,이스트시티아파트,0,2,0
2021년 06월 19일,711번(신탄진~대전역),20:00,대동역2번출구,0,1,0
2021년 06월 19일,711번(신탄진~대전역),20:00,신안동,1,3,1
2021년 06월 19일,711번(신탄진~대전역),20:00,대전역동광장,1,0,0
2021년 06월 19일,711번(신탄진~대전역),20:00,대동역3번출구,4,0,4
2021년 06월 19일,711번(신탄진~대전역),20:00,원동네거리,1,0,0
2021년 06월 19일,711번(신탄진~대전역),20:00,대흥동성당,6,2,1
2021년 06월 19일,711번(신탄진~대전역),20:00,으능정이거리,24,1,3
2021년 06월 19일,711번(신탄진~대전역),20:00,대전역,16,2,5
2021년 06월 19일,711번(신탄진~대전역),20:00,삼성초등학교,1,0,1
2021년 06월 19일,711번(신탄진~대전역),20:00,삼성네거리,0,1,0
2021년 06월 19일,711번(신탄진~대전역),20:00,한밭자이아파트,2,1,0
2021년 06월 19일,711번(신탄진~대전역),20:00,솔랑마을아파트,0,1,0
2021년 06월 19일,711번(신탄진~대전역),20:00,대덕구청,1,2,0
2021년 06월 19일,711번(신탄진~대전역),20:00,한남오거리,4,5,0
2021년 06월 19일,711번(신탄진~대전역),20:00,대전신학대학교,1,8,0
2021년 06월 19일,711번(신탄진~대전역),20:00,한남로삼거리,3,6,0
2021년 06월 19일,711번(신탄진~대전역),20:00,한숲아파트,2,9,0
2021년 06월 19일,711번(신탄진~대전역),20:00,동대전고등학교,2,4,0
2021년 06월 19일,711번(신탄진~대전역),20:00,중리동주민센터,1,0,0
2021년 06월 19일,711번(신탄진~대전역),20:00,중리근린공원,1,6,0
2021년 06월 19일,711번(신탄진~대전역),20:00,중리시장,1,1,0
2021년 06월 19일,711번(신탄진~대전역),20:00,유원아파트,1,3,0
2021년 06월 19일,711번(신탄진~대전역),20:00,삼정하이츠타운,0,1,0
2021년 06월 19일,711번(신탄진~대전역),20:00,읍내동현대아파트,2,0,1
2021년 06월 19일,711번(신탄진~대전역),20:00,정수장,0,1,0
2021년 06월 19일,711번(신탄진~대전역),20:00,성우동산,0,1,0
2021년 06월 19일,711번(신탄진~대전역),20:00,와동현대아파트,0,2,0
2021년 06월 19일,711번(신탄진~대전역),20:00,신탄진한일병원,2,4,0
2021년 06월 19일,711번(신탄진~대전역),20:00,평촌동,2,0,0
2021년 06월 19일,711번(신탄진~대전역),20:00,석봉과선교,0,3,0
2021년 06월 19일,711번(신탄진~대전역),20:00,석봉초등학교,0,5,0
2021년 06월 19일,711번(신탄진~대전역),20:00,신탄진고등학교,1,2,0
2021년 06월 19일,711번(신탄진~대전역),20:00,용정초등학교,0,1,0
2021년 06월 19일,711번(신탄진~대전역),20:00,신탄진시장,0,2,0
2021년 06월 19일,711번(신탄진~대전역),21:00,금강엑슬루타워정문,11,6,1
2021년 06월 19일,711번(신탄진~대전역),21:00,신탄진시장,5,0,2
2021년 06월 19일,711번(신탄진~대전역),21:00,새여울아파트,3,0,1
2021년 06월 19일,711번(신탄진~대전역),21:00,신탄진고등학교,0,1,0
2021년 06월 19일,711번(신탄진~대전역),21:00,석봉초등학교,1,0,0
2021년 06월 19일,711번(신탄진~대전역),21:00,남경마을,2,0,0
2021년 06월 19일,711번(신탄진~대전역),21:00,평촌동,1,0,0
2021년 06월 19일,711번(신탄진~대전역),21:00,신탄진한일병원,2,0,0
2021년 06월 19일,711번(신탄진~대전역),21:00,신대주공아파트,6,2,3
2021년 06월 19일,711번(신탄진~대전역),21:00,와동초등학교,1,1,0
2021년 06월 19일,711번(신탄진~대전역),21:00,읍내동현대아파트,1,1,0
2021년 06월 19일,711번(신탄진~대전역),21:00,영진아파트,1,1,0
2021년 06월 19일,711번(신탄진~대전역),21:00,법동주공3단지,2,1,0
2021년 06월 19일,711번(신탄진~대전역),21:00,안산도서관,2,0,0
2021년 06월 19일,711번(신탄진~대전역),21:00,중리근린공원,2,2,0
2021년 06월 19일,711번(신탄진~대전역),21:00,중리동주민센터,3,3,0
2021년 06월 19일,711번(신탄진~대전역),21:00,동대전고등학교,3,2,0
2021년 06월 19일,711번(신탄진~대전역),21:00,한숲아파트,1,1,0
2021년 06월 19일,711번(신탄진~대전역),21:00,한남로삼거리,5,5,0
2021년 06월 19일,711번(신탄진~대전역),21:00,대전신학대학교,5,1,0
2021년 06월 19일,711번(신탄진~대전역),21:00,한남오거리,1,2,0
2021년 06월 19일,711번(신탄진~대전역),21:00,대덕구청,1,1,0
2021년 06월 19일,711번(신탄진~대전역),21:00,한밭자이아파트,0,1,0
2021년 06월 19일,711번(신탄진~대전역),21:00,삼성초등학교,0,7,0
2021년 06월 19일,711번(신탄진~대전역),21:00,대전역,1,7,0
2021년 06월 19일,711번(신탄진~대전역),21:00,으능정이거리,0,4,0
2021년 06월 19일,711번(신탄진~대전역),21:00,대흥동성당,2,1,0
2021년 06월 19일,711번(신탄진~대전역),21:00,대흥동우체국,1,1,0
2021년 06월 19일,711번(신탄진~대전역),21:00,대동역2번출구,0,4,0
2021년 06월 19일,711번(신탄진~대전역),21:00,대동역3번출구,3,0,2
2021년 06월 19일,711번(신탄진~대전역),21:00,베스티안우송병원,1,0,0
2021년 06월 19일,711번(신탄진~대전역),21:00,원동네거리,1,0,0
2021년 06월 19일,711번(신탄진~대전역),21:00,대흥동성당,4,0,0
2021년 06월 19일,711번(신탄진~대전역),21:00,으능정이거리,20,0,1
2021년 06월 19일,711번(신탄진~대전역),21:00,대전역,15,1,7
2021년 06월 19일,711번(신탄진~대전역),21:00,삼성네거리,0,2,0
2021년 06월 19일,711번(신탄진~대전역),21:00,한밭자이아파트,1,2,0
2021년 06월 19일,711번(신탄진~대전역),21:00,한남오거리,7,1,1
2021년 06월 19일,711번(신탄진~대전역),21:00,한남대학교,1,1,0
2021년 06월 19일,711번(신탄진~대전역),21:00,대전신학대학교,0,1,0
2021년 06월 19일,711번(신탄진~대전역),21:00,한남로삼거리,6,2,1
2021년 06월 19일,711번(신탄진~대전역),21:00,한숲아파트,3,1,1
2021년 06월 19일,711번(신탄진~대전역),21:00,동대전고등학교,0,1,0
2021년 06월 19일,711번(신탄진~대전역),21:00,중리동주민센터,0,7,0
2021년 06월 19일,711번(신탄진~대전역),21:00,중리근린공원,3,4,0
2021년 06월 19일,711번(신탄진~대전역),21:00,중리시장,0,3,0
2021년 06월 19일,711번(신탄진~대전역),21:00,유원아파트,0,7,0
2021년 06월 19일,711번(신탄진~대전역),21:00,삼정하이츠타운,0,2,0
2021년 06월 19일,711번(신탄진~대전역),21:00,읍내동현대아파트,0,1,0
2021년 06월 19일,711번(신탄진~대전역),21:00,정수장,1,0,1
2021년 06월 19일,711번(신탄진~대전역),21:00,와동현대아파트,1,0,1
2021년 06월 19일,711번(신탄진~대전역),21:00,남경마을,3,1,1
2021년 06월 19일,711번(신탄진~대전역),21:00,석봉초등학교,0,1,0
2021년 06월 19일,711번(신탄진~대전역),21:00,신탄진고등학교,1,6,0
2021년 06월 19일,711번(신탄진~대전역),21:00,신탄진시장,0,1,0
2021년 06월 19일,711번(신탄진~대전역),21:00,금강엑슬루타워,0,1,0
2021년 06월 19일,711번(신탄진~대전역),22:00,금강엑슬루타워정문,8,3,2
2021년 06월 19일,711번(신탄진~대전역),22:00,금강엑슬루타워,4,0,3
2021년 06월 19일,711번(신탄진~대전역),22:00,신탄진동행정복지센터,2,0,0
2021년 06월 19일,711번(신탄진~대전역),22:00,새여울아파트,0,3,0
2021년 06월 19일,711번(신탄진~대전역),22:00,신탄진고등학교,5,0,0
2021년 06월 19일,711번(신탄진~대전역),22:00,석봉초등학교,7,0,0
2021년 06월 19일,711번(신탄진~대전역),22:00,남경마을,1,1,0
2021년 06월 19일,711번(신탄진~대전역),22:00,덕암동주민센터,0,2,0
2021년 06월 19일,711번(신탄진~대전역),22:00,신탄진한일병원,1,2,0
2021년 06월 19일,711번(신탄진~대전역),22:00,상서삼거리,0,1,0
2021년 06월 19일,711번(신탄진~대전역),22:00,신대주공아파트,1,0,0
2021년 06월 19일,711번(신탄진~대전역),22:00,와동초등학교,0,1,0
2021년 06월 19일,711번(신탄진~대전역),22:00,읍내동현대아파트,2,1,1
2021년 06월 19일,711번(신탄진~대전역),22:00,법동주공3단지,2,1,0
2021년 06월 19일,711번(신탄진~대전역),22:00,중리시장,1,3,0
2021년 06월 19일,711번(신탄진~대전역),22:00,중리근린공원,6,1,0
2021년 06월 19일,711번(신탄진~대전역),22:00,중리동주민센터,2,3,0
2021년 06월 19일,711번(신탄진~대전역),22:00,한남병원,3,0,3
2021년 06월 19일,711번(신탄진~대전역),22:00,동대전고등학교,0,1,0
2021년 06월 19일,711번(신탄진~대전역),22:00,한숲아파트,1,0,0
2021년 06월 19일,711번(신탄진~대전역),22:00,한남로삼거리,7,5,0
2021년 06월 19일,711번(신탄진~대전역),22:00,한남대학교,1,0,0
2021년 06월 19일,711번(신탄진~대전역),22:00,한남오거리,0,3,0
2021년 06월 19일,711번(신탄진~대전역),22:00,한밭자이아파트,1,0,0
2021년 06월 19일,711번(신탄진~대전역),22:00,삼성초등학교,0,1,0
2021년 06월 19일,711번(신탄진~대전역),22:00,대전역,0,3,0
2021년 06월 19일,711번(신탄진~대전역),22:00,으능정이거리,1,0,0
2021년 06월 19일,711번(신탄진~대전역),22:00,대흥동성당,1,4,1
2021년 06월 19일,711번(신탄진~대전역),22:00,대흥동우체국,0,2,0
2021년 06월 19일,711번(신탄진~대전역),22:00,대동역2번출구,0,1,0
2021년 06월 19일,711번(신탄진~대전역),22:00,신안동,0,1,0
2021년 06월 19일,711번(신탄진~대전역),22:00,대동역3번출구,1,0,1
2021년 06월 19일,711번(신탄진~대전역),22:00,대흥동우체국,1,0,0
2021년 06월 19일,711번(신탄진~대전역),22:00,대흥동성당,4,0,1
2021년 06월 19일,711번(신탄진~대전역),22:00,으능정이거리,17,0,4
2021년 06월 19일,711번(신탄진~대전역),22:00,대전역,11,0,2
2021년 06월 19일,711번(신탄진~대전역),22:00,삼성초등학교,2,1,2
2021년 06월 19일,711번(신탄진~대전역),22:00,삼성네거리,2,0,0
2021년 06월 19일,711번(신탄진~대전역),22:00,솔랑마을아파트,0,1,0
2021년 06월 19일,711번(신탄진~대전역),22:00,대덕구청,2,0,1
2021년 06월 19일,711번(신탄진~대전역),22:00,한남대학교,2,0,0
2021년 06월 19일,711번(신탄진~대전역),22:00,대전신학대학교,1,5,0
2021년 06월 19일,711번(신탄진~대전역),22:00,한남로삼거리,6,8,0
2021년 06월 19일,711번(신탄진~대전역),22:00,한숲아파트,1,2,0
2021년 06월 19일,711번(신탄진~대전역),22:00,동대전고등학교,0,1,0
2021년 06월 19일,711번(신탄진~대전역),22:00,중리동주민센터,6,5,1
2021년 06월 19일,711번(신탄진~대전역),22:00,중리근린공원,3,7,0
2021년 06월 19일,711번(신탄진~대전역),22:00,중리시장,0,1,0
2021년 06월 19일,711번(신탄진~대전역),22:00,유원아파트,0,8,0
2021년 06월 19일,711번(신탄진~대전역),22:00,삼정하이츠타운,0,1,0
2021년 06월 19일,711번(신탄진~대전역),22:00,읍내동현대아파트,0,2,0
2021년 06월 19일,711번(신탄진~대전역),22:00,연축아파트,2,2,0
2021년 06월 19일,711번(신탄진~대전역),22:00,와동현대아파트,1,0,1
2021년 06월 19일,711번(신탄진~대전역),22:00,신탄진한일병원,0,1,0
2021년 06월 19일,711번(신탄진~대전역),22:00,덕암동주민센터,0,2,0
2021년 06월 19일,711번(신탄진~대전역),22:00,남경마을,0,1,0
2021년 06월 19일,711번(신탄진~대전역),22:00,석봉초등학교,0,2,0
2021년 06월 19일,711번(신탄진~대전역),22:00,신탄진고등학교,0,2,0
2021년 06월 19일,711번(신탄진~대전역),22:00,신탄진시장,0,2,0
2021년 06월 19일,711번(신탄진~대전역),23:00,금강엑슬루타워정문,2,6,0
2021년 06월 19일,711번(신탄진~대전역),23:00,중리근린공원,2,0,0
2021년 06월 19일,711번(신탄진~대전역),23:00,한남병원,1,1,1
2021년 06월 19일,711번(신탄진~대전역),23:00,동대전고등학교,1,1,0
2021년 06월 19일,711번(신탄진~대전역),23:00,한남로삼거리,1,1,0
2021년 06월 19일,711번(신탄진~대전역),23:00,한남대학교,2,0,0
2021년 06월 19일,711번(신탄진~대전역),23:00,대덕구청,1,2,0
2021년 06월 19일,711번(신탄진~대전역),23:00,한밭자이아파트,0,1,0
2021년 06월 19일,711번(신탄진~대전역),23:00,대전역,0,1,0
2021년 06월 19일,711번(신탄진~대전역),23:00,으능정이거리,0,3,0
2021년 06월 19일,711번(신탄진~대전역),23:00,대흥동우체국,1,0,0
2021년 06월 19일,711번(신탄진~대전역),23:00,이스트시티아파트,0,1,0
2021년 06월 19일,711번(신탄진~대전역),23:00,대동역2번출구,0,2,0
2021년 06월 19일,711번(신탄진~대전역),23:00,신탄진한일병원,0,2,0
2021년 06월 19일,711번(신탄진~대전역),23:00,덕암동주민센터,1,0,1
2021년 06월 19일,711번(신탄진~대전역),23:00,석봉초등학교,0,2,0
2021년 06월 19일,711번(신탄진~대전역),23:00,신탄진고등학교,0,1,0
2021년 06월 19일,711번(신탄진~대전역),23:00,신탄진시장,0,1,0
